COD_SAIDA,COD_OP,SKU,NOME_ARQUIVO,MARCA,ESCOLA,REGIAO,TIRAGEM,SEGMENTO,ENSINO,TURNO,MODELO,MATERIAL,SEPARACAO,MIOLO_PAPEL,MIOLO_FORMATO,MIOLO_GRAMATURA,MIOLO_COR,CAPA_TIPO,ACABAMENTO1,REFILE,FORMATO_FINAL,MAQUINARIO,DATA_SAIDA,DATA_ENTREGA
ELITE2024-10-03,,ELITE2024-10-03f4319741ed68cb6577566e4290576a3648843e1931a9271f8d40311603a0c10c,PM3 - 9º Militar Manhã,ELITE,Bangu,,59,Militar,,Manhã,,Grampo,1.0,Offset,A4,75g,1x1,,Grampo,Não,A4,,2024-10-03,2024-10-04
ELITE2024-10-03,,ELITE2024-10-03f4319741ed68cb6577566e4290576a3648843e1931a9271f8d40311603a0c10c,PM3 - 9º Militar Manhã,ELITE,Campo Grande 1,,105,Militar,,Manhã,,Grampo,1.0,Offset,A4,75g,1x1,,Grampo,Não,A4,,2024-10-03,2024-10-04
ELITE2024-10-03,,ELITE2024-10-03f4319741ed68cb6577566e4290576a3648843e1931a9271f8d40311603a0c10c,PM3 - 9º Militar Manhã,ELITE,Duque de Caxias,,54,Militar,,Manhã,,Grampo,1.0,Offset,A4,75g,1x1,,Grampo,Não,A4,,2024-10-03,2024-10-04
ELITE2024-10-03,,ELITE2024-10-03f4319741ed68cb6577566e4290576a3648843e1931a9271f8d40311603a0c10c,PM3 - 9º Militar Manhã,ELITE,Iguaçuano,,55,Militar,,Manhã,,Grampo,1.0,Offset,A4,75g,1x1,,Grampo,Não,A4,,2024-10-03,2024-10-04
ELITE2024-10-03,,ELITE2024-10-03f4319741ed68cb6577566e4290576a3648843e1931a9271f8d40311603a0c10c,PM3 - 9º Militar Manhã,ELITE,Irajá,,47,Militar,,Manhã,,Grampo,1.0,Offset,A4,75g,1x1,,Grampo,Não,A4,,2024-10-03,2024-10-04
ELITE2024-10-03,,ELITE2024-10-03f4319741ed68cb6577566e4290576a3648843e1931a9271f8d40311603a0c10c,PM3 - 9º Militar Manhã,ELITE,Madureira 3,,80,Militar,,Manhã,,Grampo,1.0,Offset,A4,75g,1x1,,Grampo,Não,A4,,2024-10-03,2024-10-04
ELITE2024-10-03,,ELITE2024-10-03f4319741ed68cb6577566e4290576a3648843e1931a9271f8d40311603a0c10c,PM3 - 9º Militar Manhã,ELITE,Nilópolis,,56,Militar,,Manhã,,Grampo,1.0,Offset,A4,75g,1x1,,Grampo,Não,A4,,2024-10-03,2024-10-04
ELITE2024-10-03,,ELITE2024-10-03f4319741ed68cb6577566e4290576a3648843e1931a9271f8d40311603a0c10c,PM3 - 9º Militar Manhã,ELITE,Taquara,,61,Militar,,Manhã,,Grampo,1.0,Offset,A4,75g,1x1,,Grampo,Não,A4,,2024-10-03,2024-10-04
ELITE2024-10-03,,ELITE2024-10-03f4319741ed68cb6577566e4290576a3648843e1931a9271f8d40311603a0c10c,PM3 - 9º Militar Manhã,ELITE,Vila Valqueire,,50,Militar,,Manhã,,Grampo,1.0,Offset,A4,75g,1x1,,Grampo,Não,A4,,2024-10-03,2024-10-04
ELITE2024-10-03,,ELITE2024-10-03f4319741ed68cb6577566e4290576a3648843e1931a9271f8d40311603a0c10c,PM3 - 9º Militar Manhã,ELITE,Itaguai,,29,Militar,,Manhã,,Grampo,1.0,Offset,A4,75g,1x1,,Grampo,Não,A4,,2024-10-03,2024-10-04
ELITE2024-10-03,,ELITE2024-10-0322df63697e1d94c607b0f4294a824ad3889e9abc4f68f081105120083d2e3de5,PM3 - 9º Militar Tarde,ELITE,Campo Grande 1,,34,Militar,,Tarde,,Grampo,1.0,Offset,A4,75g,1x1,,Grampo,Não,A4,,2024-10-03,2024-10-04
ELITE2024-10-03,,ELITE2024-10-0322df63697e1d94c607b0f4294a824ad3889e9abc4f68f081105120083d2e3de5,PM3 - 9º Militar Tarde,ELITE,Guadalupe,,41,Militar,,Tarde,,Grampo,1.0,Offset,A4,75g,1x1,,Grampo,Não,A4,,2024-10-03,2024-10-04
ELITE2024-10-03,,ELITE2024-10-0322df63697e1d94c607b0f4294a824ad3889e9abc4f68f081105120083d2e3de5,PM3 - 9º Militar Tarde,ELITE,Iguaçuano,,32,Militar,,Tarde,,Grampo,1.0,Offset,A4,75g,1x1,,Grampo,Não,A4,,2024-10-03,2024-10-04
ELITE2024-10-03,,ELITE2024-10-0322df63697e1d94c607b0f4294a824ad3889e9abc4f68f081105120083d2e3de5,PM3 - 9º Militar Tarde,ELITE,Ilha do Governador,,45,Militar,,Tarde,,Grampo,1.0,Offset,A4,75g,1x1,,Grampo,Não,A4,,2024-10-03,2024-10-04
ELITE2024-10-03,,ELITE2024-10-0322df63697e1d94c607b0f4294a824ad3889e9abc4f68f081105120083d2e3de5,PM3 - 9º Militar Tarde,ELITE,Irajá,,31,Militar,,Tarde,,Grampo,1.0,Offset,A4,75g,1x1,,Grampo,Não,A4,,2024-10-03,2024-10-04
ELITE2024-10-03,,ELITE2024-10-0322df63697e1d94c607b0f4294a824ad3889e9abc4f68f081105120083d2e3de5,PM3 - 9º Militar Tarde,ELITE,Nilópolis,,44,Militar,,Tarde,,Grampo,1.0,Offset,A4,75g,1x1,,Grampo,Não,A4,,2024-10-03,2024-10-04
ELITE2024-10-03,,ELITE2024-10-0322df63697e1d94c607b0f4294a824ad3889e9abc4f68f081105120083d2e3de5,PM3 - 9º Militar Tarde,ELITE,Norte Shopping,,43,Militar,,Tarde,,Grampo,1.0,Offset,A4,75g,1x1,,Grampo,Não,A4,,2024-10-03,2024-10-04
ELITE2024-10-03,,ELITE2024-10-0322df63697e1d94c607b0f4294a824ad3889e9abc4f68f081105120083d2e3de5,PM3 - 9º Militar Tarde,ELITE,Realengo,,35,Militar,,Tarde,,Grampo,1.0,Offset,A4,75g,1x1,,Grampo,Não,A4,,2024-10-03,2024-10-04
ELITE2024-10-03,,ELITE2024-10-0322df63697e1d94c607b0f4294a824ad3889e9abc4f68f081105120083d2e3de5,PM3 - 9º Militar Tarde,ELITE,Santa Cruz,,45,Militar,,Tarde,,Grampo,1.0,Offset,A4,75g,1x1,,Grampo,Não,A4,,2024-10-03,2024-10-04
ELITE2024-10-03,,ELITE2024-10-0322df63697e1d94c607b0f4294a824ad3889e9abc4f68f081105120083d2e3de5,PM3 - 9º Militar Tarde,ELITE,São Gonçalo,,40,Militar,,Tarde,,Grampo,1.0,Offset,A4,75g,1x1,,Grampo,Não,A4,,2024-10-03,2024-10-04
ELITE2024-10-03,,ELITE2024-10-0322df63697e1d94c607b0f4294a824ad3889e9abc4f68f081105120083d2e3de5,PM3 - 9º Militar Tarde,ELITE,São João de Meriti,,44,Militar,,Tarde,,Grampo,1.0,Offset,A4,75g,1x1,,Grampo,Não,A4,,2024-10-03,2024-10-04
ELITE2024-10-03,,ELITE2024-10-0322df63697e1d94c607b0f4294a824ad3889e9abc4f68f081105120083d2e3de5,PM3 - 9º Militar Tarde,ELITE,Tijuca,,30,Militar,,Tarde,,Grampo,1.0,Offset,A4,75g,1x1,,Grampo,Não,A4,,2024-10-03,2024-10-04
ELITE2024-10-03,,ELITE2024-10-0322df63697e1d94c607b0f4294a824ad3889e9abc4f68f081105120083d2e3de5,PM3 - 9º Militar Tarde,ELITE,Bonsucesso,,24,Militar,,Tarde,,Grampo,1.0,Offset,A4,75g,1x1,,Grampo,Não,A4,,2024-10-03,2024-10-04
COLEGUIUM2024-09-20,,COLEGUIUM2024-09-20d6d44544ef6c37b82770c9d5359585ce6326ec1d696db8f687fb9641d7175f83,A4_4x0_APOSTILA-INF 4_GERAL_4a ETAPA-v1.pdf,Coleguium,Alípio de Melo,,18,Infantil,,Regular,,Apostila,,Offset,A4,90g,4x0,,Espiral,Não,A4,,2024-09-20,2024-09-27
COLEGUIUM2024-09-20,,COLEGUIUM2024-09-20d6d44544ef6c37b82770c9d5359585ce6326ec1d696db8f687fb9641d7175f83,A4_4x0_APOSTILA-INF 4_GERAL_4a ETAPA-v1.pdf,Coleguium,Carlos Prates,,19,Infantil,,Regular,,Apostila,,Offset,A4,90g,4x0,,Espiral,Não,A4,,2024-09-20,2024-09-27
COLEGUIUM2024-09-20,,COLEGUIUM2024-09-20d6d44544ef6c37b82770c9d5359585ce6326ec1d696db8f687fb9641d7175f83,A4_4x0_APOSTILA-INF 4_GERAL_4a ETAPA-v1.pdf,Coleguium,Castelo,,22,Infantil,,Regular,,Apostila,,Offset,A4,90g,4x0,,Espiral,Não,A4,,2024-09-20,2024-09-27
COLEGUIUM2024-09-20,,COLEGUIUM2024-09-20d6d44544ef6c37b82770c9d5359585ce6326ec1d696db8f687fb9641d7175f83,A4_4x0_APOSTILA-INF 4_GERAL_4a ETAPA-v1.pdf,Coleguium,Gutierrez 1 (Infantil),,27,Infantil,,Regular,,Apostila,,Offset,A4,90g,4x0,,Espiral,Não,A4,,2024-09-20,2024-09-27
COLEGUIUM2024-09-20,,COLEGUIUM2024-09-20d6d44544ef6c37b82770c9d5359585ce6326ec1d696db8f687fb9641d7175f83,A4_4x0_APOSTILA-INF 4_GERAL_4a ETAPA-v1.pdf,Coleguium,Jaraguá,,6,Infantil,,Regular,,Apostila,,Offset,A4,90g,4x0,,Espiral,Não,A4,,2024-09-20,2024-09-27
COLEGUIUM2024-09-20,,COLEGUIUM2024-09-20d6d44544ef6c37b82770c9d5359585ce6326ec1d696db8f687fb9641d7175f83,A4_4x0_APOSTILA-INF 4_GERAL_4a ETAPA-v1.pdf,Coleguium,Jardim Canadá,,11,Infantil,,Regular,,Apostila,,Offset,A4,90g,4x0,,Espiral,Não,A4,,2024-09-20,2024-09-27
COLEGUIUM2024-09-20,,COLEGUIUM2024-09-20d6d44544ef6c37b82770c9d5359585ce6326ec1d696db8f687fb9641d7175f83,A4_4x0_APOSTILA-INF 4_GERAL_4a ETAPA-v1.pdf,Coleguium,Lagoa Santa,,32,Infantil,,Regular,,Apostila,,Offset,A4,90g,4x0,,Espiral,Não,A4,,2024-09-20,2024-09-27
COLEGUIUM2024-09-20,,COLEGUIUM2024-09-20d6d44544ef6c37b82770c9d5359585ce6326ec1d696db8f687fb9641d7175f83,A4_4x0_APOSTILA-INF 4_GERAL_4a ETAPA-v1.pdf,Coleguium,Manacás,,20,Infantil,,Regular,,Apostila,,Offset,A4,90g,4x0,,Espiral,Não,A4,,2024-09-20,2024-09-27
COLEGUIUM2024-09-20,,COLEGUIUM2024-09-20d6d44544ef6c37b82770c9d5359585ce6326ec1d696db8f687fb9641d7175f83,A4_4x0_APOSTILA-INF 4_GERAL_4a ETAPA-v1.pdf,Coleguium,Ouro Preto,,16,Infantil,,Regular,,Apostila,,Offset,A4,90g,4x0,,Espiral,Não,A4,,2024-09-20,2024-09-27
COLEGUIUM2024-09-20,,COLEGUIUM2024-09-20d6d44544ef6c37b82770c9d5359585ce6326ec1d696db8f687fb9641d7175f83,A4_4x0_APOSTILA-INF 4_GERAL_4a ETAPA-v1.pdf,Coleguium,Santa Amélia,,20,Infantil,,Regular,,Apostila,,Offset,A4,90g,4x0,,Espiral,Não,A4,,2024-09-20,2024-09-27
COLEGUIUM2024-09-20,,COLEGUIUM2024-09-20d6d44544ef6c37b82770c9d5359585ce6326ec1d696db8f687fb9641d7175f83,A4_4x0_APOSTILA-INF 4_GERAL_4a ETAPA-v1.pdf,Coleguium,Coleguium Nova Suíça,,19,Infantil,,Regular,,Apostila,,Offset,A4,90g,4x0,,Espiral,Não,A4,,2024-09-20,2024-09-27
COLEGUIUM2024-09-20,,COLEGUIUM2024-09-203d52a6d18d525e1c1581ac80ce0ad36d08914fa1a588500ea97d14a8e881e2e0,A4_4x0_APOSTILA-INF 5_GERAL_4a ETAPA-v1.pdf,Coleguium,Alípio de Melo,,20,Infantil,,Regular,,Apostila,,Offset,A4,90g,4x0,,Espiral,Não,A4,,2024-09-20,2024-09-27
COLEGUIUM2024-09-20,,COLEGUIUM2024-09-203d52a6d18d525e1c1581ac80ce0ad36d08914fa1a588500ea97d14a8e881e2e0,A4_4x0_APOSTILA-INF 5_GERAL_4a ETAPA-v1.pdf,Coleguium,Carlos Prates,,19,Infantil,,Regular,,Apostila,,Offset,A4,90g,4x0,,Espiral,Não,A4,,2024-09-20,2024-09-27
COLEGUIUM2024-09-20,,COLEGUIUM2024-09-203d52a6d18d525e1c1581ac80ce0ad36d08914fa1a588500ea97d14a8e881e2e0,A4_4x0_APOSTILA-INF 5_GERAL_4a ETAPA-v1.pdf,Coleguium,Castelo,,38,Infantil,,Regular,,Apostila,,Offset,A4,90g,4x0,,Espiral,Não,A4,,2024-09-20,2024-09-27
COLEGUIUM2024-09-20,,COLEGUIUM2024-09-203d52a6d18d525e1c1581ac80ce0ad36d08914fa1a588500ea97d14a8e881e2e0,A4_4x0_APOSTILA-INF 5_GERAL_4a ETAPA-v1.pdf,Coleguium,Gutierrez 1 (Infantil),,33,Infantil,,Regular,,Apostila,,Offset,A4,90g,4x0,,Espiral,Não,A4,,2024-09-20,2024-09-27
COLEGUIUM2024-09-20,,COLEGUIUM2024-09-203d52a6d18d525e1c1581ac80ce0ad36d08914fa1a588500ea97d14a8e881e2e0,A4_4x0_APOSTILA-INF 5_GERAL_4a ETAPA-v1.pdf,Coleguium,Jaraguá,,16,Infantil,,Regular,,Apostila,,Offset,A4,90g,4x0,,Espiral,Não,A4,,2024-09-20,2024-09-27
COLEGUIUM2024-09-20,,COLEGUIUM2024-09-203d52a6d18d525e1c1581ac80ce0ad36d08914fa1a588500ea97d14a8e881e2e0,A4_4x0_APOSTILA-INF 5_GERAL_4a ETAPA-v1.pdf,Coleguium,Jardim Canadá,,24,Infantil,,Regular,,Apostila,,Offset,A4,90g,4x0,,Espiral,Não,A4,,2024-09-20,2024-09-27
COLEGUIUM2024-09-20,,COLEGUIUM2024-09-203d52a6d18d525e1c1581ac80ce0ad36d08914fa1a588500ea97d14a8e881e2e0,A4_4x0_APOSTILA-INF 5_GERAL_4a ETAPA-v1.pdf,Coleguium,Lagoa Santa,,33,Infantil,,Regular,,Apostila,,Offset,A4,90g,4x0,,Espiral,Não,A4,,2024-09-20,2024-09-27
COLEGUIUM2024-09-20,,COLEGUIUM2024-09-203d52a6d18d525e1c1581ac80ce0ad36d08914fa1a588500ea97d14a8e881e2e0,A4_4x0_APOSTILA-INF 5_GERAL_4a ETAPA-v1.pdf,Coleguium,Manacás,,21,Infantil,,Regular,,Apostila,,Offset,A4,90g,4x0,,Espiral,Não,A4,,2024-09-20,2024-09-27
COLEGUIUM2024-09-20,,COLEGUIUM2024-09-203d52a6d18d525e1c1581ac80ce0ad36d08914fa1a588500ea97d14a8e881e2e0,A4_4x0_APOSTILA-INF 5_GERAL_4a ETAPA-v1.pdf,Coleguium,Ouro Preto,,20,Infantil,,Regular,,Apostila,,Offset,A4,90g,4x0,,Espiral,Não,A4,,2024-09-20,2024-09-27
COLEGUIUM2024-09-20,,COLEGUIUM2024-09-203d52a6d18d525e1c1581ac80ce0ad36d08914fa1a588500ea97d14a8e881e2e0,A4_4x0_APOSTILA-INF 5_GERAL_4a ETAPA-v1.pdf,Coleguium,Santa Amélia,,21,Infantil,,Regular,,Apostila,,Offset,A4,90g,4x0,,Espiral,Não,A4,,2024-09-20,2024-09-27
COLEGUIUM2024-09-20,,COLEGUIUM2024-09-203d52a6d18d525e1c1581ac80ce0ad36d08914fa1a588500ea97d14a8e881e2e0,A4_4x0_APOSTILA-INF 5_GERAL_4a ETAPA-v1.pdf,Coleguium,Coleguium Nova Suíça,,20,Infantil,,Regular,,Apostila,,Offset,A4,90g,4x0,,Espiral,Não,A4,,2024-09-20,2024-09-27
COLEGUIUM2024-09-20,,COLEGUIUM2024-09-201fd5aefbc0e8959adc8ceb645322f2b0de5a2193408d48c05bd623a2fe9818ed,A4_4x0_Apostila_Aluno_1o Ano_4a Etapa.pdf,Coleguium,Alípio de Melo,,26,EFAI,,Regular,,Apostila,,Offset,A4,90g,4x0,,Espiral,Não,A4,,2024-09-20,2024-09-27
COLEGUIUM2024-09-20,,COLEGUIUM2024-09-201fd5aefbc0e8959adc8ceb645322f2b0de5a2193408d48c05bd623a2fe9818ed,A4_4x0_Apostila_Aluno_1o Ano_4a Etapa.pdf,Coleguium,Carlos Prates,,26,EFAI,,Regular,,Apostila,,Offset,A4,90g,4x0,,Espiral,Não,A4,,2024-09-20,2024-09-27
COLEGUIUM2024-09-20,,COLEGUIUM2024-09-201fd5aefbc0e8959adc8ceb645322f2b0de5a2193408d48c05bd623a2fe9818ed,A4_4x0_Apostila_Aluno_1o Ano_4a Etapa.pdf,Coleguium,Castelo,,57,EFAI,,Regular,,Apostila,,Offset,A4,90g,4x0,,Espiral,Não,A4,,2024-09-20,2024-09-27
COLEGUIUM2024-09-20,,COLEGUIUM2024-09-201fd5aefbc0e8959adc8ceb645322f2b0de5a2193408d48c05bd623a2fe9818ed,A4_4x0_Apostila_Aluno_1o Ano_4a Etapa.pdf,Coleguium,Conceição do Mato Dentro,,35,EFAI,,Regular,,Apostila,,Offset,A4,90g,4x0,,Espiral,Não,A4,,2024-09-20,2024-09-27
COLEGUIUM2024-09-20,,COLEGUIUM2024-09-201fd5aefbc0e8959adc8ceb645322f2b0de5a2193408d48c05bd623a2fe9818ed,A4_4x0_Apostila_Aluno_1o Ano_4a Etapa.pdf,Coleguium,Gutierrez 2 (FUND/EM),,33,EFAI,,Regular,,Apostila,,Offset,A4,90g,4x0,,Espiral,Não,A4,,2024-09-20,2024-09-27
COLEGUIUM2024-09-20,,COLEGUIUM2024-09-201fd5aefbc0e8959adc8ceb645322f2b0de5a2193408d48c05bd623a2fe9818ed,A4_4x0_Apostila_Aluno_1o Ano_4a Etapa.pdf,Coleguium,Jaraguá,,21,EFAI,,Regular,,Apostila,,Offset,A4,90g,4x0,,Espiral,Não,A4,,2024-09-20,2024-09-27
COLEGUIUM2024-09-20,,COLEGUIUM2024-09-201fd5aefbc0e8959adc8ceb645322f2b0de5a2193408d48c05bd623a2fe9818ed,A4_4x0_Apostila_Aluno_1o Ano_4a Etapa.pdf,Coleguium,Jardim Canadá,,20,EFAI,,Regular,,Apostila,,Offset,A4,90g,4x0,,Espiral,Não,A4,,2024-09-20,2024-09-27
COLEGUIUM2024-09-20,,COLEGUIUM2024-09-201fd5aefbc0e8959adc8ceb645322f2b0de5a2193408d48c05bd623a2fe9818ed,A4_4x0_Apostila_Aluno_1o Ano_4a Etapa.pdf,Coleguium,Lagoa Santa,,45,EFAI,,Regular,,Apostila,,Offset,A4,90g,4x0,,Espiral,Não,A4,,2024-09-20,2024-09-27
COLEGUIUM2024-09-20,,COLEGUIUM2024-09-201fd5aefbc0e8959adc8ceb645322f2b0de5a2193408d48c05bd623a2fe9818ed,A4_4x0_Apostila_Aluno_1o Ano_4a Etapa.pdf,Coleguium,Manacás,,64,EFAI,,Regular,,Apostila,,Offset,A4,90g,4x0,,Espiral,Não,A4,,2024-09-20,2024-09-27
COLEGUIUM2024-09-20,,COLEGUIUM2024-09-201fd5aefbc0e8959adc8ceb645322f2b0de5a2193408d48c05bd623a2fe9818ed,A4_4x0_Apostila_Aluno_1o Ano_4a Etapa.pdf,Coleguium,Ouro Preto,,29,EFAI,,Regular,,Apostila,,Offset,A4,90g,4x0,,Espiral,Não,A4,,2024-09-20,2024-09-27
COLEGUIUM2024-09-20,,COLEGUIUM2024-09-201fd5aefbc0e8959adc8ceb645322f2b0de5a2193408d48c05bd623a2fe9818ed,A4_4x0_Apostila_Aluno_1o Ano_4a Etapa.pdf,Coleguium,Santa Amélia,,38,EFAI,,Regular,,Apostila,,Offset,A4,90g,4x0,,Espiral,Não,A4,,2024-09-20,2024-09-27
COLEGUIUM2024-09-12,,COLEGUIUM2024-09-121fd5aefbc0e8959adc8ceb645322f2b0de5a2193408d48c05bd623a2fe9818ed,A4_4x0_Apostila_Aluno_1o Ano_4a Etapa.pdf,Coleguium,Internacional Carajás,,26,EFAI,,Regular,,Apostila,,Offset,A4,90g,4x0,,Espiral,Não,A4,,2024-09-12,2024-09-27
COLEGUIUM2024-09-20,,COLEGUIUM2024-09-201fd5aefbc0e8959adc8ceb645322f2b0de5a2193408d48c05bd623a2fe9818ed,A4_4x0_Apostila_Aluno_1o Ano_4a Etapa.pdf,Coleguium,Coleguium Nova Suíça,,23,EFAI,,Regular,,Apostila,,Offset,A4,90g,4x0,,Espiral,Não,A4,,2024-09-20,2024-09-27
COLEGUIUM2024-09-20,,COLEGUIUM2024-09-207d9bc4e9161d525cf0ce4d4a1e78458c0516806f88c06c1fe7c6ed5422786dd4,A4_4x4_Apostila_Aluno_2o Ano_4a Etapa.pdf,Coleguium,Alípio de Melo,,38,EFAI,,Regular,,Apostila,,Offset,A4,90g,4X4,,Espiral,Não,A4,,2024-09-20,2024-09-27
COLEGUIUM2024-09-20,,COLEGUIUM2024-09-207d9bc4e9161d525cf0ce4d4a1e78458c0516806f88c06c1fe7c6ed5422786dd4,A4_4x4_Apostila_Aluno_2o Ano_4a Etapa.pdf,Coleguium,Carlos Prates,,32,EFAI,,Regular,,Apostila,,Offset,A4,90g,4X4,,Espiral,Não,A4,,2024-09-20,2024-09-27
COLEGUIUM2024-09-20,,COLEGUIUM2024-09-207d9bc4e9161d525cf0ce4d4a1e78458c0516806f88c06c1fe7c6ed5422786dd4,A4_4x4_Apostila_Aluno_2o Ano_4a Etapa.pdf,Coleguium,Castelo,,28,EFAI,,Regular,,Apostila,,Offset,A4,90g,4X4,,Espiral,Não,A4,,2024-09-20,2024-09-27
COLEGUIUM2024-09-20,,COLEGUIUM2024-09-207d9bc4e9161d525cf0ce4d4a1e78458c0516806f88c06c1fe7c6ed5422786dd4,A4_4x4_Apostila_Aluno_2o Ano_4a Etapa.pdf,Coleguium,Conceição do Mato Dentro,,29,EFAI,,Regular,,Apostila,,Offset,A4,90g,4X4,,Espiral,Não,A4,,2024-09-20,2024-09-27
COLEGUIUM2024-09-20,,COLEGUIUM2024-09-207d9bc4e9161d525cf0ce4d4a1e78458c0516806f88c06c1fe7c6ed5422786dd4,A4_4x4_Apostila_Aluno_2o Ano_4a Etapa.pdf,Coleguium,Gutierrez 2 (FUND/EM),,33,EFAI,,Regular,,Apostila,,Offset,A4,90g,4X4,,Espiral,Não,A4,,2024-09-20,2024-09-27
COLEGUIUM2024-09-20,,COLEGUIUM2024-09-207d9bc4e9161d525cf0ce4d4a1e78458c0516806f88c06c1fe7c6ed5422786dd4,A4_4x4_Apostila_Aluno_2o Ano_4a Etapa.pdf,Coleguium,Jaraguá,,22,EFAI,,Regular,,Apostila,,Offset,A4,90g,4X4,,Espiral,Não,A4,,2024-09-20,2024-09-27
COLEGUIUM2024-09-20,,COLEGUIUM2024-09-207d9bc4e9161d525cf0ce4d4a1e78458c0516806f88c06c1fe7c6ed5422786dd4,A4_4x4_Apostila_Aluno_2o Ano_4a Etapa.pdf,Coleguium,Jardim Canadá,,23,EFAI,,Regular,,Apostila,,Offset,A4,90g,4X4,,Espiral,Não,A4,,2024-09-20,2024-09-27
COLEGUIUM2024-09-20,,COLEGUIUM2024-09-207d9bc4e9161d525cf0ce4d4a1e78458c0516806f88c06c1fe7c6ed5422786dd4,A4_4x4_Apostila_Aluno_2o Ano_4a Etapa.pdf,Coleguium,Lagoa Santa,,38,EFAI,,Regular,,Apostila,,Offset,A4,90g,4X4,,Espiral,Não,A4,,2024-09-20,2024-09-27
COLEGUIUM2024-09-20,,COLEGUIUM2024-09-207d9bc4e9161d525cf0ce4d4a1e78458c0516806f88c06c1fe7c6ed5422786dd4,A4_4x4_Apostila_Aluno_2o Ano_4a Etapa.pdf,Coleguium,Manacás,,27,EFAI,,Regular,,Apostila,,Offset,A4,90g,4X4,,Espiral,Não,A4,,2024-09-20,2024-09-27
COLEGUIUM2024-09-20,,COLEGUIUM2024-09-207d9bc4e9161d525cf0ce4d4a1e78458c0516806f88c06c1fe7c6ed5422786dd4,A4_4x4_Apostila_Aluno_2o Ano_4a Etapa.pdf,Coleguium,Ouro Preto,,35,EFAI,,Regular,,Apostila,,Offset,A4,90g,4X4,,Espiral,Não,A4,,2024-09-20,2024-09-27
COLEGUIUM2024-09-20,,COLEGUIUM2024-09-207d9bc4e9161d525cf0ce4d4a1e78458c0516806f88c06c1fe7c6ed5422786dd4,A4_4x4_Apostila_Aluno_2o Ano_4a Etapa.pdf,Coleguium,Santa Amélia,,30,EFAI,,Regular,,Apostila,,Offset,A4,90g,4X4,,Espiral,Não,A4,,2024-09-20,2024-09-27
COLEGUIUM2024-09-12,,COLEGUIUM2024-09-127d9bc4e9161d525cf0ce4d4a1e78458c0516806f88c06c1fe7c6ed5422786dd4,A4_4x4_Apostila_Aluno_2o Ano_4a Etapa.pdf,Coleguium,Internacional Carajás,,26,EFAI,,Regular,,Apostila,,Offset,A4,90g,4X4,,Espiral,Não,A4,,2024-09-12,2024-09-27
COLEGUIUM2024-09-20,,COLEGUIUM2024-09-207d9bc4e9161d525cf0ce4d4a1e78458c0516806f88c06c1fe7c6ed5422786dd4,A4_4x4_Apostila_Aluno_2o Ano_4a Etapa.pdf,Coleguium,Coleguium Nova Suíça,,24,EFAI,,Regular,,Apostila,,Offset,A4,90g,4X4,,Espiral,Não,A4,,2024-09-20,2024-09-27
COLEGUIUM2024-09-20,,COLEGUIUM2024-09-20aa189bb57816c9b677c9e81bde33fb055da75031cf0e03d78b6f7b7e7f26dc12,A4_4x4_Apostila_Aluno_3o Ano_4a Etapa.pdf,Coleguium,Alípio de Melo,,49,EFAI,,Regular,,Apostila,,Offset,A4,75g,4X4,,Espiral,Não,A4,,2024-09-20,2024-09-27
COLEGUIUM2024-09-20,,COLEGUIUM2024-09-20aa189bb57816c9b677c9e81bde33fb055da75031cf0e03d78b6f7b7e7f26dc12,A4_4x4_Apostila_Aluno_3o Ano_4a Etapa.pdf,Coleguium,Carlos Prates,,30,EFAI,,Regular,,Apostila,,Offset,A4,75g,4X4,,Espiral,Não,A4,,2024-09-20,2024-09-27
COLEGUIUM2024-09-20,,COLEGUIUM2024-09-20aa189bb57816c9b677c9e81bde33fb055da75031cf0e03d78b6f7b7e7f26dc12,A4_4x4_Apostila_Aluno_3o Ano_4a Etapa.pdf,Coleguium,Castelo,,42,EFAI,,Regular,,Apostila,,Offset,A4,75g,4X4,,Espiral,Não,A4,,2024-09-20,2024-09-27
COLEGUIUM2024-09-20,,COLEGUIUM2024-09-20aa189bb57816c9b677c9e81bde33fb055da75031cf0e03d78b6f7b7e7f26dc12,A4_4x4_Apostila_Aluno_3o Ano_4a Etapa.pdf,Coleguium,Conceição do Mato Dentro,,45,EFAI,,Regular,,Apostila,,Offset,A4,75g,4X4,,Espiral,Não,A4,,2024-09-20,2024-09-27
COLEGUIUM2024-09-20,,COLEGUIUM2024-09-20aa189bb57816c9b677c9e81bde33fb055da75031cf0e03d78b6f7b7e7f26dc12,A4_4x4_Apostila_Aluno_3o Ano_4a Etapa.pdf,Coleguium,Gutierrez 2 (FUND/EM),,42,EFAI,,Regular,,Apostila,,Offset,A4,75g,4X4,,Espiral,Não,A4,,2024-09-20,2024-09-27
COLEGUIUM2024-09-20,,COLEGUIUM2024-09-20aa189bb57816c9b677c9e81bde33fb055da75031cf0e03d78b6f7b7e7f26dc12,A4_4x4_Apostila_Aluno_3o Ano_4a Etapa.pdf,Coleguium,Jaraguá,,24,EFAI,,Regular,,Apostila,,Offset,A4,75g,4X4,,Espiral,Não,A4,,2024-09-20,2024-09-27
COLEGUIUM2024-09-20,,COLEGUIUM2024-09-20aa189bb57816c9b677c9e81bde33fb055da75031cf0e03d78b6f7b7e7f26dc12,A4_4x4_Apostila_Aluno_3o Ano_4a Etapa.pdf,Coleguium,Jardim Canadá,,19,EFAI,,Regular,,Apostila,,Offset,A4,75g,4X4,,Espiral,Não,A4,,2024-09-20,2024-09-27
COLEGUIUM2024-09-20,,COLEGUIUM2024-09-20aa189bb57816c9b677c9e81bde33fb055da75031cf0e03d78b6f7b7e7f26dc12,A4_4x4_Apostila_Aluno_3o Ano_4a Etapa.pdf,Coleguium,Lagoa Santa,,48,EFAI,,Regular,,Apostila,,Offset,A4,75g,4X4,,Espiral,Não,A4,,2024-09-20,2024-09-27
COLEGUIUM2024-09-20,,COLEGUIUM2024-09-20aa189bb57816c9b677c9e81bde33fb055da75031cf0e03d78b6f7b7e7f26dc12,A4_4x4_Apostila_Aluno_3o Ano_4a Etapa.pdf,Coleguium,Manacás,,40,EFAI,,Regular,,Apostila,,Offset,A4,75g,4X4,,Espiral,Não,A4,,2024-09-20,2024-09-27
COLEGUIUM2024-09-20,,COLEGUIUM2024-09-20aa189bb57816c9b677c9e81bde33fb055da75031cf0e03d78b6f7b7e7f26dc12,A4_4x4_Apostila_Aluno_3o Ano_4a Etapa.pdf,Coleguium,Ouro Preto,,51,EFAI,,Regular,,Apostila,,Offset,A4,75g,4X4,,Espiral,Não,A4,,2024-09-20,2024-09-27
COLEGUIUM2024-09-20,,COLEGUIUM2024-09-20aa189bb57816c9b677c9e81bde33fb055da75031cf0e03d78b6f7b7e7f26dc12,A4_4x4_Apostila_Aluno_3o Ano_4a Etapa.pdf,Coleguium,Santa Amélia,,49,EFAI,,Regular,,Apostila,,Offset,A4,75g,4X4,,Espiral,Não,A4,,2024-09-20,2024-09-27
COLEGUIUM2024-09-12,,COLEGUIUM2024-09-12aa189bb57816c9b677c9e81bde33fb055da75031cf0e03d78b6f7b7e7f26dc12,A4_4x4_Apostila_Aluno_3o Ano_4a Etapa.pdf,Coleguium,Internacional Carajás,,30,EFAI,,Regular,,Apostila,,Offset,A4,75g,4X4,,Espiral,Não,A4,,2024-09-12,2024-09-27
COLEGUIUM2024-09-20,,COLEGUIUM2024-09-20aa189bb57816c9b677c9e81bde33fb055da75031cf0e03d78b6f7b7e7f26dc12,A4_4x4_Apostila_Aluno_3o Ano_4a Etapa.pdf,Coleguium,Coleguium Nova Suíça,,20,EFAI,,Regular,,Apostila,,Offset,A4,75g,4X4,,Espiral,Não,A4,,2024-09-20,2024-09-27
COLEGUIUM2024-09-20,,COLEGUIUM2024-09-20b6bd6569bf92bbd60423841c62e94ad24071b800485944cb4adeca180e0a4186,A4_4x4_Apostila_Aluno_4o Ano_4a Etapa.pdf,Coleguium,Alípio de Melo,,63,EFAI,,Regular,,Apostila,,Offset,A4,75g,4X4,,Espiral,Não,A4,,2024-09-20,2024-09-27
COLEGUIUM2024-09-20,,COLEGUIUM2024-09-20b6bd6569bf92bbd60423841c62e94ad24071b800485944cb4adeca180e0a4186,A4_4x4_Apostila_Aluno_4o Ano_4a Etapa.pdf,Coleguium,Carlos Prates,,35,EFAI,,Regular,,Apostila,,Offset,A4,75g,4X4,,Espiral,Não,A4,,2024-09-20,2024-09-27
COLEGUIUM2024-09-20,,COLEGUIUM2024-09-20b6bd6569bf92bbd60423841c62e94ad24071b800485944cb4adeca180e0a4186,A4_4x4_Apostila_Aluno_4o Ano_4a Etapa.pdf,Coleguium,Castelo,,31,EFAI,,Regular,,Apostila,,Offset,A4,75g,4X4,,Espiral,Não,A4,,2024-09-20,2024-09-27
COLEGUIUM2024-09-20,,COLEGUIUM2024-09-20b6bd6569bf92bbd60423841c62e94ad24071b800485944cb4adeca180e0a4186,A4_4x4_Apostila_Aluno_4o Ano_4a Etapa.pdf,Coleguium,Gutierrez 2 (FUND/EM),,44,EFAI,,Regular,,Apostila,,Offset,A4,75g,4X4,,Espiral,Não,A4,,2024-09-20,2024-09-27
COLEGUIUM2024-09-20,,COLEGUIUM2024-09-20b6bd6569bf92bbd60423841c62e94ad24071b800485944cb4adeca180e0a4186,A4_4x4_Apostila_Aluno_4o Ano_4a Etapa.pdf,Coleguium,Jaraguá,,23,EFAI,,Regular,,Apostila,,Offset,A4,75g,4X4,,Espiral,Não,A4,,2024-09-20,2024-09-27
COLEGUIUM2024-09-20,,COLEGUIUM2024-09-20b6bd6569bf92bbd60423841c62e94ad24071b800485944cb4adeca180e0a4186,A4_4x4_Apostila_Aluno_4o Ano_4a Etapa.pdf,Coleguium,Jardim Canadá,,17,EFAI,,Regular,,Apostila,,Offset,A4,75g,4X4,,Espiral,Não,A4,,2024-09-20,2024-09-27
COLEGUIUM2024-09-20,,COLEGUIUM2024-09-20b6bd6569bf92bbd60423841c62e94ad24071b800485944cb4adeca180e0a4186,A4_4x4_Apostila_Aluno_4o Ano_4a Etapa.pdf,Coleguium,Lagoa Santa,,64,EFAI,,Regular,,Apostila,,Offset,A4,75g,4X4,,Espiral,Não,A4,,2024-09-20,2024-09-27
COLEGUIUM2024-09-20,,COLEGUIUM2024-09-20b6bd6569bf92bbd60423841c62e94ad24071b800485944cb4adeca180e0a4186,A4_4x4_Apostila_Aluno_4o Ano_4a Etapa.pdf,Coleguium,Manacás,,44,EFAI,,Regular,,Apostila,,Offset,A4,75g,4X4,,Espiral,Não,A4,,2024-09-20,2024-09-27
COLEGUIUM2024-09-20,,COLEGUIUM2024-09-20b6bd6569bf92bbd60423841c62e94ad24071b800485944cb4adeca180e0a4186,A4_4x4_Apostila_Aluno_4o Ano_4a Etapa.pdf,Coleguium,Ouro Preto,,45,EFAI,,Regular,,Apostila,,Offset,A4,75g,4X4,,Espiral,Não,A4,,2024-09-20,2024-09-27
COLEGUIUM2024-09-20,,COLEGUIUM2024-09-20b6bd6569bf92bbd60423841c62e94ad24071b800485944cb4adeca180e0a4186,A4_4x4_Apostila_Aluno_4o Ano_4a Etapa.pdf,Coleguium,Santa Amélia,,53,EFAI,,Regular,,Apostila,,Offset,A4,75g,4X4,,Espiral,Não,A4,,2024-09-20,2024-09-27
COLEGUIUM2024-09-12,,COLEGUIUM2024-09-12b6bd6569bf92bbd60423841c62e94ad24071b800485944cb4adeca180e0a4186,A4_4x4_Apostila_Aluno_4o Ano_4a Etapa.pdf,Coleguium,Internacional Carajás,,31,EFAI,,Regular,,Apostila,,Offset,A4,75g,4X4,,Espiral,Não,A4,,2024-09-12,2024-09-27
COLEGUIUM2024-09-20,,COLEGUIUM2024-09-20b6bd6569bf92bbd60423841c62e94ad24071b800485944cb4adeca180e0a4186,A4_4x4_Apostila_Aluno_4o Ano_4a Etapa.pdf,Coleguium,Coleguium Nova Suíça,,20,EFAI,,Regular,,Apostila,,Offset,A4,75g,4X4,,Espiral,Não,A4,,2024-09-20,2024-09-27
COLEGUIUM2024-09-20,,COLEGUIUM2024-09-20a122845b16eb023c344b537e3e5f61fc54e9236f6ed48051abf03caa95ac5ec9,A4_4x4_Apostila_Aluno_5o Ano_4a Etapa.pdf,Coleguium,Alípio de Melo,,69,EFAI,,Regular,,Apostila,,Offset,A4,75g,4X4,,Espiral,Não,A4,,2024-09-20,2024-09-27
COLEGUIUM2024-09-20,,COLEGUIUM2024-09-20a122845b16eb023c344b537e3e5f61fc54e9236f6ed48051abf03caa95ac5ec9,A4_4x4_Apostila_Aluno_5o Ano_4a Etapa.pdf,Coleguium,Carlos Prates,,47,EFAI,,Regular,,Apostila,,Offset,A4,75g,4X4,,Espiral,Não,A4,,2024-09-20,2024-09-27
COLEGUIUM2024-09-20,,COLEGUIUM2024-09-20a122845b16eb023c344b537e3e5f61fc54e9236f6ed48051abf03caa95ac5ec9,A4_4x4_Apostila_Aluno_5o Ano_4a Etapa.pdf,Coleguium,Castelo,,49,EFAI,,Regular,,Apostila,,Offset,A4,75g,4X4,,Espiral,Não,A4,,2024-09-20,2024-09-27
COLEGUIUM2024-09-20,,COLEGUIUM2024-09-20a122845b16eb023c344b537e3e5f61fc54e9236f6ed48051abf03caa95ac5ec9,A4_4x4_Apostila_Aluno_5o Ano_4a Etapa.pdf,Coleguium,Gutierrez 2 (FUND/EM),,42,EFAI,,Regular,,Apostila,,Offset,A4,75g,4X4,,Espiral,Não,A4,,2024-09-20,2024-09-27
COLEGUIUM2024-09-20,,COLEGUIUM2024-09-20a122845b16eb023c344b537e3e5f61fc54e9236f6ed48051abf03caa95ac5ec9,A4_4x4_Apostila_Aluno_5o Ano_4a Etapa.pdf,Coleguium,Jaraguá,,20,EFAI,,Regular,,Apostila,,Offset,A4,75g,4X4,,Espiral,Não,A4,,2024-09-20,2024-09-27
COLEGUIUM2024-09-20,,COLEGUIUM2024-09-20a122845b16eb023c344b537e3e5f61fc54e9236f6ed48051abf03caa95ac5ec9,A4_4x4_Apostila_Aluno_5o Ano_4a Etapa.pdf,Coleguium,Jardim Canadá,,27,EFAI,,Regular,,Apostila,,Offset,A4,75g,4X4,,Espiral,Não,A4,,2024-09-20,2024-09-27
COLEGUIUM2024-09-20,,COLEGUIUM2024-09-20a122845b16eb023c344b537e3e5f61fc54e9236f6ed48051abf03caa95ac5ec9,A4_4x4_Apostila_Aluno_5o Ano_4a Etapa.pdf,Coleguium,Lagoa Santa,,68,EFAI,,Regular,,Apostila,,Offset,A4,75g,4X4,,Espiral,Não,A4,,2024-09-20,2024-09-27
COLEGUIUM2024-09-20,,COLEGUIUM2024-09-20a122845b16eb023c344b537e3e5f61fc54e9236f6ed48051abf03caa95ac5ec9,A4_4x4_Apostila_Aluno_5o Ano_4a Etapa.pdf,Coleguium,Manacás,,31,EFAI,,Regular,,Apostila,,Offset,A4,75g,4X4,,Espiral,Não,A4,,2024-09-20,2024-09-27
COLEGUIUM2024-09-20,,COLEGUIUM2024-09-20a122845b16eb023c344b537e3e5f61fc54e9236f6ed48051abf03caa95ac5ec9,A4_4x4_Apostila_Aluno_5o Ano_4a Etapa.pdf,Coleguium,Ouro Preto,,51,EFAI,,Regular,,Apostila,,Offset,A4,75g,4X4,,Espiral,Não,A4,,2024-09-20,2024-09-27
COLEGUIUM2024-09-20,,COLEGUIUM2024-09-20a122845b16eb023c344b537e3e5f61fc54e9236f6ed48051abf03caa95ac5ec9,A4_4x4_Apostila_Aluno_5o Ano_4a Etapa.pdf,Coleguium,Santa Amélia,,46,EFAI,,Regular,,Apostila,,Offset,A4,75g,4X4,,Espiral,Não,A4,,2024-09-20,2024-09-27
COLEGUIUM2024-09-12,,COLEGUIUM2024-09-12a122845b16eb023c344b537e3e5f61fc54e9236f6ed48051abf03caa95ac5ec9,A4_4x4_Apostila_Aluno_5o Ano_4a Etapa.pdf,Coleguium,Internacional Carajás,,22,EFAI,,Regular,,Apostila,,Offset,A4,75g,4X4,,Espiral,Não,A4,,2024-09-12,2024-09-27
COLEGUIUM2024-09-20,,COLEGUIUM2024-09-20a122845b16eb023c344b537e3e5f61fc54e9236f6ed48051abf03caa95ac5ec9,A4_4x4_Apostila_Aluno_5o Ano_4a Etapa.pdf,Coleguium,Coleguium Nova Suíça,,18,EFAI,,Regular,,Apostila,,Offset,A4,75g,4X4,,Espiral,Não,A4,,2024-09-20,2024-09-27
COLEGUIUM2024-09-20,,COLEGUIUM2024-09-20eae5fc3a387d464c1d9cfa2495f01453ade50172f829c492fb39b6d3b4e28bcb,A4_1x1_Apostila_Aluno_6o Ano_4a Etapa.pdf,Coleguium,Alípio de Melo,,125,EFAF,,Regular,,Apostila,,Offset,A4,75g,1X1,,Espiral,Não,A4,,2024-09-20,2024-09-27
COLEGUIUM2024-09-20,,COLEGUIUM2024-09-20eae5fc3a387d464c1d9cfa2495f01453ade50172f829c492fb39b6d3b4e28bcb,A4_1x1_Apostila_Aluno_6o Ano_4a Etapa.pdf,Coleguium,Internacional Buritis,,23,EFAF,,Regular,,Apostila,,Offset,A4,75g,1X1,,Espiral,Não,A4,,2024-09-20,2024-09-27
COLEGUIUM2024-09-20,,COLEGUIUM2024-09-20eae5fc3a387d464c1d9cfa2495f01453ade50172f829c492fb39b6d3b4e28bcb,A4_1x1_Apostila_Aluno_6o Ano_4a Etapa.pdf,Coleguium,Carlos Prates,,47,EFAF,,Regular,,Apostila,,Offset,A4,75g,1X1,,Espiral,Não,A4,,2024-09-20,2024-09-27
COLEGUIUM2024-09-20,,COLEGUIUM2024-09-20eae5fc3a387d464c1d9cfa2495f01453ade50172f829c492fb39b6d3b4e28bcb,A4_1x1_Apostila_Aluno_6o Ano_4a Etapa.pdf,Coleguium,Conceição do Mato Dentro,,39,EFAF,,Regular,,Apostila,,Offset,A4,75g,1X1,,Espiral,Não,A4,,2024-09-20,2024-09-27
COLEGUIUM2024-09-20,,COLEGUIUM2024-09-20eae5fc3a387d464c1d9cfa2495f01453ade50172f829c492fb39b6d3b4e28bcb,A4_1x1_Apostila_Aluno_6o Ano_4a Etapa.pdf,Coleguium,Gutierrez 2 (FUND/EM),,33,EFAF,,Regular,,Apostila,,Offset,A4,75g,1X1,,Espiral,Não,A4,,2024-09-20,2024-09-27
COLEGUIUM2024-09-20,,COLEGUIUM2024-09-20eae5fc3a387d464c1d9cfa2495f01453ade50172f829c492fb39b6d3b4e28bcb,A4_1x1_Apostila_Aluno_6o Ano_4a Etapa.pdf,Coleguium,Jaraguá,,34,EFAF,,Regular,,Apostila,,Offset,A4,75g,1X1,,Espiral,Não,A4,,2024-09-20,2024-09-27
COLEGUIUM2024-09-20,,COLEGUIUM2024-09-20eae5fc3a387d464c1d9cfa2495f01453ade50172f829c492fb39b6d3b4e28bcb,A4_1x1_Apostila_Aluno_6o Ano_4a Etapa.pdf,Coleguium,Jardim Canadá,,32,EFAF,,Regular,,Apostila,,Offset,A4,75g,1X1,,Espiral,Não,A4,,2024-09-20,2024-09-27
COLEGUIUM2024-09-20,,COLEGUIUM2024-09-20eae5fc3a387d464c1d9cfa2495f01453ade50172f829c492fb39b6d3b4e28bcb,A4_1x1_Apostila_Aluno_6o Ano_4a Etapa.pdf,Coleguium,Lagoa Santa,,65,EFAF,,Regular,,Apostila,,Offset,A4,75g,1X1,,Espiral,Não,A4,,2024-09-20,2024-09-27
COLEGUIUM2024-09-20,,COLEGUIUM2024-09-20eae5fc3a387d464c1d9cfa2495f01453ade50172f829c492fb39b6d3b4e28bcb,A4_1x1_Apostila_Aluno_6o Ano_4a Etapa.pdf,Coleguium,Ouro Preto,,64,EFAF,,Regular,,Apostila,,Offset,A4,75g,1X1,,Espiral,Não,A4,,2024-09-20,2024-09-27
COLEGUIUM2024-09-20,,COLEGUIUM2024-09-20eae5fc3a387d464c1d9cfa2495f01453ade50172f829c492fb39b6d3b4e28bcb,A4_1x1_Apostila_Aluno_6o Ano_4a Etapa.pdf,Coleguium,Santa Amélia,,60,EFAF,,Regular,,Apostila,,Offset,A4,75g,1X1,,Espiral,Não,A4,,2024-09-20,2024-09-27
COLEGUIUM2024-09-20,,COLEGUIUM2024-09-20eae5fc3a387d464c1d9cfa2495f01453ade50172f829c492fb39b6d3b4e28bcb,A4_1x1_Apostila_Aluno_6o Ano_4a Etapa.pdf,Coleguium,Internacional Belvedere,,13,EFAF,,Regular,,Apostila,,Offset,A4,75g,1X1,,Espiral,Não,A4,,2024-09-20,2024-09-27
COLEGUIUM2024-09-20,,COLEGUIUM2024-09-20eae5fc3a387d464c1d9cfa2495f01453ade50172f829c492fb39b6d3b4e28bcb,A4_1x1_Apostila_Aluno_6o Ano_4a Etapa.pdf,Coleguium,Internacional Cidade Nova,,29,EFAF,,Regular,,Apostila,,Offset,A4,75g,1X1,,Espiral,Não,A4,,2024-09-20,2024-09-27
COLEGUIUM2024-09-12,,COLEGUIUM2024-09-12eae5fc3a387d464c1d9cfa2495f01453ade50172f829c492fb39b6d3b4e28bcb,A4_1x1_Apostila_Aluno_6o Ano_4a Etapa.pdf,Coleguium,Internacional Carajás,,93,EFAF,,Regular,,Apostila,,Offset,A4,75g,1X1,,Espiral,Não,A4,,2024-09-12,2024-09-27
COLEGUIUM2024-09-20,,COLEGUIUM2024-09-20eae5fc3a387d464c1d9cfa2495f01453ade50172f829c492fb39b6d3b4e28bcb,A4_1x1_Apostila_Aluno_6o Ano_4a Etapa.pdf,Coleguium,Internacional Pampulha Núcleo da Criança,,25,EFAF,,Regular,,Apostila,,Offset,A4,75g,1X1,,Espiral,Não,A4,,2024-09-20,2024-09-27
COLEGUIUM2024-09-20,,COLEGUIUM2024-09-20eae5fc3a387d464c1d9cfa2495f01453ade50172f829c492fb39b6d3b4e28bcb,A4_1x1_Apostila_Aluno_6o Ano_4a Etapa.pdf,Coleguium,Coleguium Nova Suíça,,20,EFAF,,Regular,,Apostila,,Offset,A4,75g,1X1,,Espiral,Não,A4,,2024-09-20,2024-09-27
COLEGUIUM2024-09-20,,COLEGUIUM2024-09-206f5279ee1fee301777fbb42c7942ec829dc187b70f3fe73d1a7971dbb253b5ea,A4_1x1_Apostila_Aluno_7o Ano_4a Etapa.pdf,Coleguium,Alípio de Melo,,104,EFAF,,Regular,,Apostila,,Offset,A4,75g,1X1,,Espiral,Não,A4,,2024-09-20,2024-09-27
COLEGUIUM2024-09-20,,COLEGUIUM2024-09-206f5279ee1fee301777fbb42c7942ec829dc187b70f3fe73d1a7971dbb253b5ea,A4_1x1_Apostila_Aluno_7o Ano_4a Etapa.pdf,Coleguium,Internacional Buritis,,17,EFAF,,Regular,,Apostila,,Offset,A4,75g,1X1,,Espiral,Não,A4,,2024-09-20,2024-09-27
COLEGUIUM2024-09-20,,COLEGUIUM2024-09-206f5279ee1fee301777fbb42c7942ec829dc187b70f3fe73d1a7971dbb253b5ea,A4_1x1_Apostila_Aluno_7o Ano_4a Etapa.pdf,Coleguium,Carlos Prates,,37,EFAF,,Regular,,Apostila,,Offset,A4,75g,1X1,,Espiral,Não,A4,,2024-09-20,2024-09-27
COLEGUIUM2024-09-20,,COLEGUIUM2024-09-206f5279ee1fee301777fbb42c7942ec829dc187b70f3fe73d1a7971dbb253b5ea,A4_1x1_Apostila_Aluno_7o Ano_4a Etapa.pdf,Coleguium,Conceição do Mato Dentro,,36,EFAF,,Regular,,Apostila,,Offset,A4,75g,1X1,,Espiral,Não,A4,,2024-09-20,2024-09-27
COLEGUIUM2024-09-20,,COLEGUIUM2024-09-206f5279ee1fee301777fbb42c7942ec829dc187b70f3fe73d1a7971dbb253b5ea,A4_1x1_Apostila_Aluno_7o Ano_4a Etapa.pdf,Coleguium,Gutierrez 2 (FUND/EM),,43,EFAF,,Regular,,Apostila,,Offset,A4,75g,1X1,,Espiral,Não,A4,,2024-09-20,2024-09-27
COLEGUIUM2024-09-20,,COLEGUIUM2024-09-206f5279ee1fee301777fbb42c7942ec829dc187b70f3fe73d1a7971dbb253b5ea,A4_1x1_Apostila_Aluno_7o Ano_4a Etapa.pdf,Coleguium,Jaraguá,,48,EFAF,,Regular,,Apostila,,Offset,A4,75g,1X1,,Espiral,Não,A4,,2024-09-20,2024-09-27
COLEGUIUM2024-09-20,,COLEGUIUM2024-09-206f5279ee1fee301777fbb42c7942ec829dc187b70f3fe73d1a7971dbb253b5ea,A4_1x1_Apostila_Aluno_7o Ano_4a Etapa.pdf,Coleguium,Jardim Canadá,,29,EFAF,,Regular,,Apostila,,Offset,A4,75g,1X1,,Espiral,Não,A4,,2024-09-20,2024-09-27
COLEGUIUM2024-09-20,,COLEGUIUM2024-09-206f5279ee1fee301777fbb42c7942ec829dc187b70f3fe73d1a7971dbb253b5ea,A4_1x1_Apostila_Aluno_7o Ano_4a Etapa.pdf,Coleguium,Lagoa Santa,,62,EFAF,,Regular,,Apostila,,Offset,A4,75g,1X1,,Espiral,Não,A4,,2024-09-20,2024-09-27
COLEGUIUM2024-09-20,,COLEGUIUM2024-09-206f5279ee1fee301777fbb42c7942ec829dc187b70f3fe73d1a7971dbb253b5ea,A4_1x1_Apostila_Aluno_7o Ano_4a Etapa.pdf,Coleguium,Ouro Preto,,78,EFAF,,Regular,,Apostila,,Offset,A4,75g,1X1,,Espiral,Não,A4,,2024-09-20,2024-09-27
COLEGUIUM2024-09-20,,COLEGUIUM2024-09-206f5279ee1fee301777fbb42c7942ec829dc187b70f3fe73d1a7971dbb253b5ea,A4_1x1_Apostila_Aluno_7o Ano_4a Etapa.pdf,Coleguium,Santa Amélia,,71,EFAF,,Regular,,Apostila,,Offset,A4,75g,1X1,,Espiral,Não,A4,,2024-09-20,2024-09-27
COLEGUIUM2024-09-20,,COLEGUIUM2024-09-206f5279ee1fee301777fbb42c7942ec829dc187b70f3fe73d1a7971dbb253b5ea,A4_1x1_Apostila_Aluno_7o Ano_4a Etapa.pdf,Coleguium,Internacional Belvedere,,25,EFAF,,Regular,,Apostila,,Offset,A4,75g,1X1,,Espiral,Não,A4,,2024-09-20,2024-09-27
COLEGUIUM2024-09-20,,COLEGUIUM2024-09-206f5279ee1fee301777fbb42c7942ec829dc187b70f3fe73d1a7971dbb253b5ea,A4_1x1_Apostila_Aluno_7o Ano_4a Etapa.pdf,Coleguium,Internacional Cidade Nova,,32,EFAF,,Regular,,Apostila,,Offset,A4,75g,1X1,,Espiral,Não,A4,,2024-09-20,2024-09-27
COLEGUIUM2024-09-12,,COLEGUIUM2024-09-126f5279ee1fee301777fbb42c7942ec829dc187b70f3fe73d1a7971dbb253b5ea,A4_1x1_Apostila_Aluno_7o Ano_4a Etapa.pdf,Coleguium,Internacional Carajás,,81,EFAF,,Regular,,Apostila,,Offset,A4,75g,1X1,,Espiral,Não,A4,,2024-09-12,2024-09-27
COLEGUIUM2024-09-20,,COLEGUIUM2024-09-206f5279ee1fee301777fbb42c7942ec829dc187b70f3fe73d1a7971dbb253b5ea,A4_1x1_Apostila_Aluno_7o Ano_4a Etapa.pdf,Coleguium,Internacional Pampulha Núcleo da Criança,,14,EFAF,,Regular,,Apostila,,Offset,A4,75g,1X1,,Espiral,Não,A4,,2024-09-20,2024-09-27
COLEGUIUM2024-09-20,,COLEGUIUM2024-09-206f5279ee1fee301777fbb42c7942ec829dc187b70f3fe73d1a7971dbb253b5ea,A4_1x1_Apostila_Aluno_7o Ano_4a Etapa.pdf,Coleguium,Coleguium Nova Suíça,,29,EFAF,,Regular,,Apostila,,Offset,A4,75g,1X1,,Espiral,Não,A4,,2024-09-20,2024-09-27
COLEGUIUM2024-09-20,,COLEGUIUM2024-09-208304859fee943fa61ad3c1df7f72971b62d86bb71c7c2025fc2bedc553ade828,A4_1x1_Apostila_Aluno_8o Ano_4a Etapa.pdf,Coleguium,Alípio de Melo,,99,EFAF,,Regular,,Apostila,,Offset,A4,75g,1X1,,Espiral,Não,A4,,2024-09-20,2024-09-27
COLEGUIUM2024-09-20,,COLEGUIUM2024-09-208304859fee943fa61ad3c1df7f72971b62d86bb71c7c2025fc2bedc553ade828,A4_1x1_Apostila_Aluno_8o Ano_4a Etapa.pdf,Coleguium,Internacional Buritis,,37,EFAF,,Regular,,Apostila,,Offset,A4,75g,1X1,,Espiral,Não,A4,,2024-09-20,2024-09-27
COLEGUIUM2024-09-20,,COLEGUIUM2024-09-208304859fee943fa61ad3c1df7f72971b62d86bb71c7c2025fc2bedc553ade828,A4_1x1_Apostila_Aluno_8o Ano_4a Etapa.pdf,Coleguium,Carlos Prates,,32,EFAF,,Regular,,Apostila,,Offset,A4,75g,1X1,,Espiral,Não,A4,,2024-09-20,2024-09-27
COLEGUIUM2024-09-20,,COLEGUIUM2024-09-208304859fee943fa61ad3c1df7f72971b62d86bb71c7c2025fc2bedc553ade828,A4_1x1_Apostila_Aluno_8o Ano_4a Etapa.pdf,Coleguium,Conceição do Mato Dentro,,31,EFAF,,Regular,,Apostila,,Offset,A4,75g,1X1,,Espiral,Não,A4,,2024-09-20,2024-09-27
COLEGUIUM2024-09-20,,COLEGUIUM2024-09-208304859fee943fa61ad3c1df7f72971b62d86bb71c7c2025fc2bedc553ade828,A4_1x1_Apostila_Aluno_8o Ano_4a Etapa.pdf,Coleguium,Gutierrez 2 (FUND/EM),,40,EFAF,,Regular,,Apostila,,Offset,A4,75g,1X1,,Espiral,Não,A4,,2024-09-20,2024-09-27
COLEGUIUM2024-09-20,,COLEGUIUM2024-09-208304859fee943fa61ad3c1df7f72971b62d86bb71c7c2025fc2bedc553ade828,A4_1x1_Apostila_Aluno_8o Ano_4a Etapa.pdf,Coleguium,Jaraguá,,31,EFAF,,Regular,,Apostila,,Offset,A4,75g,1X1,,Espiral,Não,A4,,2024-09-20,2024-09-27
COLEGUIUM2024-09-20,,COLEGUIUM2024-09-208304859fee943fa61ad3c1df7f72971b62d86bb71c7c2025fc2bedc553ade828,A4_1x1_Apostila_Aluno_8o Ano_4a Etapa.pdf,Coleguium,Jardim Canadá,,33,EFAF,,Regular,,Apostila,,Offset,A4,75g,1X1,,Espiral,Não,A4,,2024-09-20,2024-09-27
COLEGUIUM2024-09-20,,COLEGUIUM2024-09-208304859fee943fa61ad3c1df7f72971b62d86bb71c7c2025fc2bedc553ade828,A4_1x1_Apostila_Aluno_8o Ano_4a Etapa.pdf,Coleguium,Lagoa Santa,,50,EFAF,,Regular,,Apostila,,Offset,A4,75g,1X1,,Espiral,Não,A4,,2024-09-20,2024-09-27
COLEGUIUM2024-09-20,,COLEGUIUM2024-09-208304859fee943fa61ad3c1df7f72971b62d86bb71c7c2025fc2bedc553ade828,A4_1x1_Apostila_Aluno_8o Ano_4a Etapa.pdf,Coleguium,Ouro Preto,,89,EFAF,,Regular,,Apostila,,Offset,A4,75g,1X1,,Espiral,Não,A4,,2024-09-20,2024-09-27
COLEGUIUM2024-09-20,,COLEGUIUM2024-09-208304859fee943fa61ad3c1df7f72971b62d86bb71c7c2025fc2bedc553ade828,A4_1x1_Apostila_Aluno_8o Ano_4a Etapa.pdf,Coleguium,Santa Amélia,,74,EFAF,,Regular,,Apostila,,Offset,A4,75g,1X1,,Espiral,Não,A4,,2024-09-20,2024-09-27
COLEGUIUM2024-09-20,,COLEGUIUM2024-09-208304859fee943fa61ad3c1df7f72971b62d86bb71c7c2025fc2bedc553ade828,A4_1x1_Apostila_Aluno_8o Ano_4a Etapa.pdf,Coleguium,Internacional Belvedere,,13,EFAF,,Regular,,Apostila,,Offset,A4,75g,1X1,,Espiral,Não,A4,,2024-09-20,2024-09-27
COLEGUIUM2024-09-20,,COLEGUIUM2024-09-208304859fee943fa61ad3c1df7f72971b62d86bb71c7c2025fc2bedc553ade828,A4_1x1_Apostila_Aluno_8o Ano_4a Etapa.pdf,Coleguium,Internacional Cidade Nova,,34,EFAF,,Regular,,Apostila,,Offset,A4,75g,1X1,,Espiral,Não,A4,,2024-09-20,2024-09-27
COLEGUIUM2024-09-12,,COLEGUIUM2024-09-128304859fee943fa61ad3c1df7f72971b62d86bb71c7c2025fc2bedc553ade828,A4_1x1_Apostila_Aluno_8o Ano_4a Etapa.pdf,Coleguium,Internacional Carajás,,111,EFAF,,Regular,,Apostila,,Offset,A4,75g,1X1,,Espiral,Não,A4,,2024-09-12,2024-09-27
COLEGUIUM2024-09-20,,COLEGUIUM2024-09-208304859fee943fa61ad3c1df7f72971b62d86bb71c7c2025fc2bedc553ade828,A4_1x1_Apostila_Aluno_8o Ano_4a Etapa.pdf,Coleguium,Internacional Pampulha Núcleo da Criança,,14,EFAF,,Regular,,Apostila,,Offset,A4,75g,1X1,,Espiral,Não,A4,,2024-09-20,2024-09-27
COLEGUIUM2024-09-20,,COLEGUIUM2024-09-208304859fee943fa61ad3c1df7f72971b62d86bb71c7c2025fc2bedc553ade828,A4_1x1_Apostila_Aluno_8o Ano_4a Etapa.pdf,Coleguium,Coleguium Nova Suíça,,31,EFAF,,Regular,,Apostila,,Offset,A4,75g,1X1,,Espiral,Não,A4,,2024-09-20,2024-09-27
COLEGUIUM2024-09-20,,COLEGUIUM2024-09-202bb13f8a0457ceabedd29ff9076f57923f3f716ebc8bbd5caa8296c2bdb0d99d,A4_1x1_Apostila_Aluno_9o Ano_4a Etapa.pdf,Coleguium,Alípio de Melo,,96,EFAF,,Regular,,Apostila,,Offset,A4,75g,1X1,,Espiral,Não,A4,,2024-09-20,2024-09-27
COLEGUIUM2024-09-20,,COLEGUIUM2024-09-202bb13f8a0457ceabedd29ff9076f57923f3f716ebc8bbd5caa8296c2bdb0d99d,A4_1x1_Apostila_Aluno_9o Ano_4a Etapa.pdf,Coleguium,Internacional Buritis,,25,EFAF,,Regular,,Apostila,,Offset,A4,75g,1X1,,Espiral,Não,A4,,2024-09-20,2024-09-27
COLEGUIUM2024-09-20,,COLEGUIUM2024-09-202bb13f8a0457ceabedd29ff9076f57923f3f716ebc8bbd5caa8296c2bdb0d99d,A4_1x1_Apostila_Aluno_9o Ano_4a Etapa.pdf,Coleguium,Carlos Prates,,41,EFAF,,Regular,,Apostila,,Offset,A4,75g,1X1,,Espiral,Não,A4,,2024-09-20,2024-09-27
COLEGUIUM2024-09-20,,COLEGUIUM2024-09-202bb13f8a0457ceabedd29ff9076f57923f3f716ebc8bbd5caa8296c2bdb0d99d,A4_1x1_Apostila_Aluno_9o Ano_4a Etapa.pdf,Coleguium,Conceição do Mato Dentro,,28,EFAF,,Regular,,Apostila,,Offset,A4,75g,1X1,,Espiral,Não,A4,,2024-09-20,2024-09-27
COLEGUIUM2024-09-20,,COLEGUIUM2024-09-202bb13f8a0457ceabedd29ff9076f57923f3f716ebc8bbd5caa8296c2bdb0d99d,A4_1x1_Apostila_Aluno_9o Ano_4a Etapa.pdf,Coleguium,Gutierrez 2 (FUND/EM),,31,EFAF,,Regular,,Apostila,,Offset,A4,75g,1X1,,Espiral,Não,A4,,2024-09-20,2024-09-27
COLEGUIUM2024-09-20,,COLEGUIUM2024-09-202bb13f8a0457ceabedd29ff9076f57923f3f716ebc8bbd5caa8296c2bdb0d99d,A4_1x1_Apostila_Aluno_9o Ano_4a Etapa.pdf,Coleguium,Jaraguá,,35,EFAF,,Regular,,Apostila,,Offset,A4,75g,1X1,,Espiral,Não,A4,,2024-09-20,2024-09-27
COLEGUIUM2024-09-20,,COLEGUIUM2024-09-202bb13f8a0457ceabedd29ff9076f57923f3f716ebc8bbd5caa8296c2bdb0d99d,A4_1x1_Apostila_Aluno_9o Ano_4a Etapa.pdf,Coleguium,Jardim Canadá,,21,EFAF,,Regular,,Apostila,,Offset,A4,75g,1X1,,Espiral,Não,A4,,2024-09-20,2024-09-27
COLEGUIUM2024-09-20,,COLEGUIUM2024-09-202bb13f8a0457ceabedd29ff9076f57923f3f716ebc8bbd5caa8296c2bdb0d99d,A4_1x1_Apostila_Aluno_9o Ano_4a Etapa.pdf,Coleguium,Lagoa Santa,,50,EFAF,,Regular,,Apostila,,Offset,A4,75g,1X1,,Espiral,Não,A4,,2024-09-20,2024-09-27
COLEGUIUM2024-09-20,,COLEGUIUM2024-09-202bb13f8a0457ceabedd29ff9076f57923f3f716ebc8bbd5caa8296c2bdb0d99d,A4_1x1_Apostila_Aluno_9o Ano_4a Etapa.pdf,Coleguium,Ouro Preto,,74,EFAF,,Regular,,Apostila,,Offset,A4,75g,1X1,,Espiral,Não,A4,,2024-09-20,2024-09-27
COLEGUIUM2024-09-20,,COLEGUIUM2024-09-202bb13f8a0457ceabedd29ff9076f57923f3f716ebc8bbd5caa8296c2bdb0d99d,A4_1x1_Apostila_Aluno_9o Ano_4a Etapa.pdf,Coleguium,Santa Amélia,,58,EFAF,,Regular,,Apostila,,Offset,A4,75g,1X1,,Espiral,Não,A4,,2024-09-20,2024-09-27
COLEGUIUM2024-09-20,,COLEGUIUM2024-09-202bb13f8a0457ceabedd29ff9076f57923f3f716ebc8bbd5caa8296c2bdb0d99d,A4_1x1_Apostila_Aluno_9o Ano_4a Etapa.pdf,Coleguium,Internacional Belvedere,,22,EFAF,,Regular,,Apostila,,Offset,A4,75g,1X1,,Espiral,Não,A4,,2024-09-20,2024-09-27
COLEGUIUM2024-09-20,,COLEGUIUM2024-09-202bb13f8a0457ceabedd29ff9076f57923f3f716ebc8bbd5caa8296c2bdb0d99d,A4_1x1_Apostila_Aluno_9o Ano_4a Etapa.pdf,Coleguium,Internacional Cidade Nova,,33,EFAF,,Regular,,Apostila,,Offset,A4,75g,1X1,,Espiral,Não,A4,,2024-09-20,2024-09-27
COLEGUIUM2024-09-12,,COLEGUIUM2024-09-122bb13f8a0457ceabedd29ff9076f57923f3f716ebc8bbd5caa8296c2bdb0d99d,A4_1x1_Apostila_Aluno_9o Ano_4a Etapa.pdf,Coleguium,Internacional Carajás,,88,EFAF,,Regular,,Apostila,,Offset,A4,75g,1X1,,Espiral,Não,A4,,2024-09-12,2024-09-27
COLEGUIUM2024-09-20,,COLEGUIUM2024-09-202bb13f8a0457ceabedd29ff9076f57923f3f716ebc8bbd5caa8296c2bdb0d99d,A4_1x1_Apostila_Aluno_9o Ano_4a Etapa.pdf,Coleguium,Internacional Pampulha Núcleo da Criança,,13,EFAF,,Regular,,Apostila,,Offset,A4,75g,1X1,,Espiral,Não,A4,,2024-09-20,2024-09-27
COLEGUIUM2024-09-20,,COLEGUIUM2024-09-202bb13f8a0457ceabedd29ff9076f57923f3f716ebc8bbd5caa8296c2bdb0d99d,A4_1x1_Apostila_Aluno_9o Ano_4a Etapa.pdf,Coleguium,Coleguium Nova Suíça,,13,EFAF,,Regular,,Apostila,,Offset,A4,75g,1X1,,Espiral,Não,A4,,2024-09-20,2024-09-27
PENSI2024-10-15,,PENSI2024-10-152567d52699132954a6e1af0c81f1c07e0ee16cb76165d258398c105f2033098d,P4 - Atualidades 1ª Serie Tarde ,Pensi,Copacabana,,40,EM,Regular,Tarde,,Prova,1.0,Offset,A4,75g,1X1,,Grampo,Não,A4,,2024-10-15,2024-10-16
PENSI2024-10-15,,PENSI2024-10-152567d52699132954a6e1af0c81f1c07e0ee16cb76165d258398c105f2033098d,P4 - Atualidades 1ª Serie Tarde ,Pensi,Freguesia,,41,EM,Regular,Tarde,,Prova,1.0,Offset,A4,75g,1X1,,Grampo,Não,A4,,2024-10-15,2024-10-16
PENSI2024-10-15,,PENSI2024-10-152567d52699132954a6e1af0c81f1c07e0ee16cb76165d258398c105f2033098d,P4 - Atualidades 1ª Serie Tarde ,Pensi,Ilha do Governador,,37,EM,Regular,Tarde,,Prova,1.0,Offset,A4,75g,1X1,,Grampo,Não,A4,,2024-10-15,2024-10-16
PENSI2024-10-15,,PENSI2024-10-152567d52699132954a6e1af0c81f1c07e0ee16cb76165d258398c105f2033098d,P4 - Atualidades 1ª Serie Tarde ,Pensi,Madureira,,36,EM,Regular,Tarde,,Prova,1.0,Offset,A4,75g,1X1,,Grampo,Não,A4,,2024-10-15,2024-10-16
PENSI2024-10-15,,PENSI2024-10-152567d52699132954a6e1af0c81f1c07e0ee16cb76165d258398c105f2033098d,P4 - Atualidades 1ª Serie Tarde ,Pensi,Méier,,30,EM,Regular,Tarde,,Prova,1.0,Offset,A4,75g,1X1,,Grampo,Não,A4,,2024-10-15,2024-10-16
PENSI2024-10-15,,PENSI2024-10-152567d52699132954a6e1af0c81f1c07e0ee16cb76165d258398c105f2033098d,P4 - Atualidades 1ª Serie Tarde ,Pensi,Recreio 1,,64,EM,Regular,Tarde,,Prova,1.0,Offset,A4,75g,1X1,,Grampo,Não,A4,,2024-10-15,2024-10-16
PENSI2024-10-15,,PENSI2024-10-152567d52699132954a6e1af0c81f1c07e0ee16cb76165d258398c105f2033098d,P4 - Atualidades 1ª Serie Tarde ,Pensi,Tijuca 1,,38,EM,Regular,Tarde,,Prova,1.0,Offset,A4,75g,1X1,,Grampo,Não,A4,,2024-10-15,2024-10-16
PENSI2024-10-15,,PENSI2024-10-152567d52699132954a6e1af0c81f1c07e0ee16cb76165d258398c105f2033098d,P4 - Atualidades 1ª Serie Tarde ,Pensi,Vila da Penha,,35,EM,Regular,Tarde,,Prova,1.0,Offset,A4,75g,1X1,,Grampo,Não,A4,,2024-10-15,2024-10-16
PENSI2024-10-15,,PENSI2024-10-1547426a33a3289d4e5a37783b43b0f3f55ee736bd42789e2364642688c391e106,P4 - Biodiversidade 1ª Serie Tarde ,Pensi,Copacabana,,40,EM,Regular,Tarde,,Prova,1.0,Offset,A4,75g,1X1,,Grampo,Não,A4,,2024-10-15,2024-10-16
PENSI2024-10-15,,PENSI2024-10-1547426a33a3289d4e5a37783b43b0f3f55ee736bd42789e2364642688c391e106,P4 - Biodiversidade 1ª Serie Tarde ,Pensi,Freguesia,,41,EM,Regular,Tarde,,Prova,1.0,Offset,A4,75g,1X1,,Grampo,Não,A4,,2024-10-15,2024-10-16
PENSI2024-10-15,,PENSI2024-10-1547426a33a3289d4e5a37783b43b0f3f55ee736bd42789e2364642688c391e106,P4 - Biodiversidade 1ª Serie Tarde ,Pensi,Ilha do Governador,,37,EM,Regular,Tarde,,Prova,1.0,Offset,A4,75g,1X1,,Grampo,Não,A4,,2024-10-15,2024-10-16
PENSI2024-10-15,,PENSI2024-10-1547426a33a3289d4e5a37783b43b0f3f55ee736bd42789e2364642688c391e106,P4 - Biodiversidade 1ª Serie Tarde ,Pensi,Madureira,,36,EM,Regular,Tarde,,Prova,1.0,Offset,A4,75g,1X1,,Grampo,Não,A4,,2024-10-15,2024-10-16
PENSI2024-10-15,,PENSI2024-10-1547426a33a3289d4e5a37783b43b0f3f55ee736bd42789e2364642688c391e106,P4 - Biodiversidade 1ª Serie Tarde ,Pensi,Méier,,30,EM,Regular,Tarde,,Prova,1.0,Offset,A4,75g,1X1,,Grampo,Não,A4,,2024-10-15,2024-10-16
PENSI2024-10-15,,PENSI2024-10-1547426a33a3289d4e5a37783b43b0f3f55ee736bd42789e2364642688c391e106,P4 - Biodiversidade 1ª Serie Tarde ,Pensi,Recreio 1,,64,EM,Regular,Tarde,,Prova,1.0,Offset,A4,75g,1X1,,Grampo,Não,A4,,2024-10-15,2024-10-16
PENSI2024-10-15,,PENSI2024-10-1547426a33a3289d4e5a37783b43b0f3f55ee736bd42789e2364642688c391e106,P4 - Biodiversidade 1ª Serie Tarde ,Pensi,Tijuca 1,,38,EM,Regular,Tarde,,Prova,1.0,Offset,A4,75g,1X1,,Grampo,Não,A4,,2024-10-15,2024-10-16
PENSI2024-10-15,,PENSI2024-10-1547426a33a3289d4e5a37783b43b0f3f55ee736bd42789e2364642688c391e106,P4 - Biodiversidade 1ª Serie Tarde ,Pensi,Vila da Penha,,35,EM,Regular,Tarde,,Prova,1.0,Offset,A4,75g,1X1,,Grampo,Não,A4,,2024-10-15,2024-10-16
PENSI2024-10-15,,PENSI2024-10-15c916e8a179ad30d20ccafe7bf0d03a48b83e4ade9762b0cf3250b36fb35a03bc,P4 - Biologia 1ª Serie Tarde ,Pensi,Copacabana,,40,EM,Regular,Tarde,,Prova,1.0,Offset,A4,75g,1X1,,Grampo,Não,A4,,2024-10-15,2024-10-16
PENSI2024-10-15,,PENSI2024-10-15c916e8a179ad30d20ccafe7bf0d03a48b83e4ade9762b0cf3250b36fb35a03bc,P4 - Biologia 1ª Serie Tarde ,Pensi,Freguesia,,41,EM,Regular,Tarde,,Prova,1.0,Offset,A4,75g,1X1,,Grampo,Não,A4,,2024-10-15,2024-10-16
PENSI2024-10-15,,PENSI2024-10-15c916e8a179ad30d20ccafe7bf0d03a48b83e4ade9762b0cf3250b36fb35a03bc,P4 - Biologia 1ª Serie Tarde ,Pensi,Ilha do Governador,,37,EM,Regular,Tarde,,Prova,1.0,Offset,A4,75g,1X1,,Grampo,Não,A4,,2024-10-15,2024-10-16
PENSI2024-10-15,,PENSI2024-10-15c916e8a179ad30d20ccafe7bf0d03a48b83e4ade9762b0cf3250b36fb35a03bc,P4 - Biologia 1ª Serie Tarde ,Pensi,Madureira,,36,EM,Regular,Tarde,,Prova,1.0,Offset,A4,75g,1X1,,Grampo,Não,A4,,2024-10-15,2024-10-16
PENSI2024-10-15,,PENSI2024-10-15c916e8a179ad30d20ccafe7bf0d03a48b83e4ade9762b0cf3250b36fb35a03bc,P4 - Biologia 1ª Serie Tarde ,Pensi,Méier,,30,EM,Regular,Tarde,,Prova,1.0,Offset,A4,75g,1X1,,Grampo,Não,A4,,2024-10-15,2024-10-16
PENSI2024-10-15,,PENSI2024-10-15c916e8a179ad30d20ccafe7bf0d03a48b83e4ade9762b0cf3250b36fb35a03bc,P4 - Biologia 1ª Serie Tarde ,Pensi,Recreio 1,,64,EM,Regular,Tarde,,Prova,1.0,Offset,A4,75g,1X1,,Grampo,Não,A4,,2024-10-15,2024-10-16
PENSI2024-10-15,,PENSI2024-10-15c916e8a179ad30d20ccafe7bf0d03a48b83e4ade9762b0cf3250b36fb35a03bc,P4 - Biologia 1ª Serie Tarde ,Pensi,Tijuca 1,,38,EM,Regular,Tarde,,Prova,1.0,Offset,A4,75g,1X1,,Grampo,Não,A4,,2024-10-15,2024-10-16
PENSI2024-10-15,,PENSI2024-10-15c916e8a179ad30d20ccafe7bf0d03a48b83e4ade9762b0cf3250b36fb35a03bc,P4 - Biologia 1ª Serie Tarde ,Pensi,Vila da Penha,,35,EM,Regular,Tarde,,Prova,1.0,Offset,A4,75g,1X1,,Grampo,Não,A4,,2024-10-15,2024-10-16
PENSI2024-10-15,,PENSI2024-10-15c54850692d98993a75752e6170b5fa5aff0bd7f6d18ad1f5f86bbb94b3a62ee2,P4 - Física 1ª Serie Tarde ,Pensi,Copacabana,,40,EM,Regular,Tarde,,Prova,1.0,Offset,A4,75g,1X1,,Grampo,Não,A4,,2024-10-15,2024-10-16
PENSI2024-10-15,,PENSI2024-10-15c54850692d98993a75752e6170b5fa5aff0bd7f6d18ad1f5f86bbb94b3a62ee2,P4 - Física 1ª Serie Tarde ,Pensi,Freguesia,,41,EM,Regular,Tarde,,Prova,1.0,Offset,A4,75g,1X1,,Grampo,Não,A4,,2024-10-15,2024-10-16
PENSI2024-10-15,,PENSI2024-10-15c54850692d98993a75752e6170b5fa5aff0bd7f6d18ad1f5f86bbb94b3a62ee2,P4 - Física 1ª Serie Tarde ,Pensi,Ilha do Governador,,37,EM,Regular,Tarde,,Prova,1.0,Offset,A4,75g,1X1,,Grampo,Não,A4,,2024-10-15,2024-10-16
PENSI2024-10-15,,PENSI2024-10-15c54850692d98993a75752e6170b5fa5aff0bd7f6d18ad1f5f86bbb94b3a62ee2,P4 - Física 1ª Serie Tarde ,Pensi,Madureira,,36,EM,Regular,Tarde,,Prova,1.0,Offset,A4,75g,1X1,,Grampo,Não,A4,,2024-10-15,2024-10-16
PENSI2024-10-15,,PENSI2024-10-15c54850692d98993a75752e6170b5fa5aff0bd7f6d18ad1f5f86bbb94b3a62ee2,P4 - Física 1ª Serie Tarde ,Pensi,Méier,,30,EM,Regular,Tarde,,Prova,1.0,Offset,A4,75g,1X1,,Grampo,Não,A4,,2024-10-15,2024-10-16
PENSI2024-10-15,,PENSI2024-10-15c54850692d98993a75752e6170b5fa5aff0bd7f6d18ad1f5f86bbb94b3a62ee2,P4 - Física 1ª Serie Tarde ,Pensi,Recreio 1,,64,EM,Regular,Tarde,,Prova,1.0,Offset,A4,75g,1X1,,Grampo,Não,A4,,2024-10-15,2024-10-16
PENSI2024-10-15,,PENSI2024-10-15c54850692d98993a75752e6170b5fa5aff0bd7f6d18ad1f5f86bbb94b3a62ee2,P4 - Física 1ª Serie Tarde ,Pensi,Tijuca 1,,38,EM,Regular,Tarde,,Prova,1.0,Offset,A4,75g,1X1,,Grampo,Não,A4,,2024-10-15,2024-10-16
PENSI2024-10-15,,PENSI2024-10-15c54850692d98993a75752e6170b5fa5aff0bd7f6d18ad1f5f86bbb94b3a62ee2,P4 - Física 1ª Serie Tarde ,Pensi,Vila da Penha,,35,EM,Regular,Tarde,,Prova,1.0,Offset,A4,75g,1X1,,Grampo,Não,A4,,2024-10-15,2024-10-16
PENSI2024-10-15,,PENSI2024-10-150c2178db5f820e7000d5afafa9f7682dc4483af6284f21177b0fc6168a929e04,P4 - Geografia 1ª Serie Tarde ,Pensi,Copacabana,,40,EM,Regular,Tarde,,Prova,1.0,Offset,A4,75g,1X1,,Grampo,Não,A4,,2024-10-15,2024-10-16
PENSI2024-10-15,,PENSI2024-10-150c2178db5f820e7000d5afafa9f7682dc4483af6284f21177b0fc6168a929e04,P4 - Geografia 1ª Serie Tarde ,Pensi,Freguesia,,41,EM,Regular,Tarde,,Prova,1.0,Offset,A4,75g,1X1,,Grampo,Não,A4,,2024-10-15,2024-10-16
PENSI2024-10-15,,PENSI2024-10-150c2178db5f820e7000d5afafa9f7682dc4483af6284f21177b0fc6168a929e04,P4 - Geografia 1ª Serie Tarde ,Pensi,Ilha do Governador,,37,EM,Regular,Tarde,,Prova,1.0,Offset,A4,75g,1X1,,Grampo,Não,A4,,2024-10-15,2024-10-16
PENSI2024-10-15,,PENSI2024-10-150c2178db5f820e7000d5afafa9f7682dc4483af6284f21177b0fc6168a929e04,P4 - Geografia 1ª Serie Tarde ,Pensi,Madureira,,36,EM,Regular,Tarde,,Prova,1.0,Offset,A4,75g,1X1,,Grampo,Não,A4,,2024-10-15,2024-10-16
PENSI2024-10-15,,PENSI2024-10-150c2178db5f820e7000d5afafa9f7682dc4483af6284f21177b0fc6168a929e04,P4 - Geografia 1ª Serie Tarde ,Pensi,Méier,,30,EM,Regular,Tarde,,Prova,1.0,Offset,A4,75g,1X1,,Grampo,Não,A4,,2024-10-15,2024-10-16
PENSI2024-10-15,,PENSI2024-10-150c2178db5f820e7000d5afafa9f7682dc4483af6284f21177b0fc6168a929e04,P4 - Geografia 1ª Serie Tarde ,Pensi,Recreio 1,,64,EM,Regular,Tarde,,Prova,1.0,Offset,A4,75g,1X1,,Grampo,Não,A4,,2024-10-15,2024-10-16
PENSI2024-10-15,,PENSI2024-10-150c2178db5f820e7000d5afafa9f7682dc4483af6284f21177b0fc6168a929e04,P4 - Geografia 1ª Serie Tarde ,Pensi,Tijuca 1,,38,EM,Regular,Tarde,,Prova,1.0,Offset,A4,75g,1X1,,Grampo,Não,A4,,2024-10-15,2024-10-16
PENSI2024-10-15,,PENSI2024-10-150c2178db5f820e7000d5afafa9f7682dc4483af6284f21177b0fc6168a929e04,P4 - Geografia 1ª Serie Tarde ,Pensi,Vila da Penha,,35,EM,Regular,Tarde,,Prova,1.0,Offset,A4,75g,1X1,,Grampo,Não,A4,,2024-10-15,2024-10-16
PENSI2024-10-15,,PENSI2024-10-15d7c645aa3eab62971f35edde7fb224112a698231dd2bc6dfac1a77cdc2850be7,P4 - Grandezas Físicas 1ª Serie Tarde ,Pensi,Copacabana,,40,EM,Regular,Tarde,,Prova,1.0,Offset,A4,75g,1X1,,Grampo,Não,A4,,2024-10-15,2024-10-16
PENSI2024-10-15,,PENSI2024-10-15d7c645aa3eab62971f35edde7fb224112a698231dd2bc6dfac1a77cdc2850be7,P4 - Grandezas Físicas 1ª Serie Tarde ,Pensi,Freguesia,,41,EM,Regular,Tarde,,Prova,1.0,Offset,A4,75g,1X1,,Grampo,Não,A4,,2024-10-15,2024-10-16
PENSI2024-10-15,,PENSI2024-10-15d7c645aa3eab62971f35edde7fb224112a698231dd2bc6dfac1a77cdc2850be7,P4 - Grandezas Físicas 1ª Serie Tarde ,Pensi,Ilha do Governador,,37,EM,Regular,Tarde,,Prova,1.0,Offset,A4,75g,1X1,,Grampo,Não,A4,,2024-10-15,2024-10-16
PENSI2024-10-15,,PENSI2024-10-15d7c645aa3eab62971f35edde7fb224112a698231dd2bc6dfac1a77cdc2850be7,P4 - Grandezas Físicas 1ª Serie Tarde ,Pensi,Madureira,,36,EM,Regular,Tarde,,Prova,1.0,Offset,A4,75g,1X1,,Grampo,Não,A4,,2024-10-15,2024-10-16
PENSI2024-10-15,,PENSI2024-10-15d7c645aa3eab62971f35edde7fb224112a698231dd2bc6dfac1a77cdc2850be7,P4 - Grandezas Físicas 1ª Serie Tarde ,Pensi,Méier,,30,EM,Regular,Tarde,,Prova,1.0,Offset,A4,75g,1X1,,Grampo,Não,A4,,2024-10-15,2024-10-16
PENSI2024-10-15,,PENSI2024-10-15d7c645aa3eab62971f35edde7fb224112a698231dd2bc6dfac1a77cdc2850be7,P4 - Grandezas Físicas 1ª Serie Tarde ,Pensi,Recreio 1,,64,EM,Regular,Tarde,,Prova,1.0,Offset,A4,75g,1X1,,Grampo,Não,A4,,2024-10-15,2024-10-16
PENSI2024-10-15,,PENSI2024-10-15d7c645aa3eab62971f35edde7fb224112a698231dd2bc6dfac1a77cdc2850be7,P4 - Grandezas Físicas 1ª Serie Tarde ,Pensi,Tijuca 1,,38,EM,Regular,Tarde,,Prova,1.0,Offset,A4,75g,1X1,,Grampo,Não,A4,,2024-10-15,2024-10-16
PENSI2024-10-15,,PENSI2024-10-15d7c645aa3eab62971f35edde7fb224112a698231dd2bc6dfac1a77cdc2850be7,P4 - Grandezas Físicas 1ª Serie Tarde ,Pensi,Vila da Penha,,35,EM,Regular,Tarde,,Prova,1.0,Offset,A4,75g,1X1,,Grampo,Não,A4,,2024-10-15,2024-10-16
PENSI2024-10-15,,PENSI2024-10-15a3169a21b3b49be8fb419fdadcfc18eb4ccc30f82207b3059ff12961ffb30f8e,P4 - Histoa Da Arte 1ª Serie Tarde ,Pensi,Copacabana,,40,EM,Regular,Tarde,,Prova,1.0,Offset,A4,75g,1X1,,Grampo,Não,A4,,2024-10-15,2024-10-16
PENSI2024-10-15,,PENSI2024-10-15a3169a21b3b49be8fb419fdadcfc18eb4ccc30f82207b3059ff12961ffb30f8e,P4 - Histoa Da Arte 1ª Serie Tarde ,Pensi,Freguesia,,41,EM,Regular,Tarde,,Prova,1.0,Offset,A4,75g,1X1,,Grampo,Não,A4,,2024-10-15,2024-10-16
PENSI2024-10-15,,PENSI2024-10-15a3169a21b3b49be8fb419fdadcfc18eb4ccc30f82207b3059ff12961ffb30f8e,P4 - Histoa Da Arte 1ª Serie Tarde ,Pensi,Ilha do Governador,,37,EM,Regular,Tarde,,Prova,1.0,Offset,A4,75g,1X1,,Grampo,Não,A4,,2024-10-15,2024-10-16
PENSI2024-10-15,,PENSI2024-10-15a3169a21b3b49be8fb419fdadcfc18eb4ccc30f82207b3059ff12961ffb30f8e,P4 - Histoa Da Arte 1ª Serie Tarde ,Pensi,Madureira,,36,EM,Regular,Tarde,,Prova,1.0,Offset,A4,75g,1X1,,Grampo,Não,A4,,2024-10-15,2024-10-16
PENSI2024-10-15,,PENSI2024-10-15a3169a21b3b49be8fb419fdadcfc18eb4ccc30f82207b3059ff12961ffb30f8e,P4 - Histoa Da Arte 1ª Serie Tarde ,Pensi,Méier,,30,EM,Regular,Tarde,,Prova,1.0,Offset,A4,75g,1X1,,Grampo,Não,A4,,2024-10-15,2024-10-16
PENSI2024-10-15,,PENSI2024-10-15a3169a21b3b49be8fb419fdadcfc18eb4ccc30f82207b3059ff12961ffb30f8e,P4 - Histoa Da Arte 1ª Serie Tarde ,Pensi,Recreio 1,,64,EM,Regular,Tarde,,Prova,1.0,Offset,A4,75g,1X1,,Grampo,Não,A4,,2024-10-15,2024-10-16
PENSI2024-10-15,,PENSI2024-10-15a3169a21b3b49be8fb419fdadcfc18eb4ccc30f82207b3059ff12961ffb30f8e,P4 - Histoa Da Arte 1ª Serie Tarde ,Pensi,Tijuca 1,,38,EM,Regular,Tarde,,Prova,1.0,Offset,A4,75g,1X1,,Grampo,Não,A4,,2024-10-15,2024-10-16
PENSI2024-10-15,,PENSI2024-10-15a3169a21b3b49be8fb419fdadcfc18eb4ccc30f82207b3059ff12961ffb30f8e,P4 - Histoa Da Arte 1ª Serie Tarde ,Pensi,Vila da Penha,,35,EM,Regular,Tarde,,Prova,1.0,Offset,A4,75g,1X1,,Grampo,Não,A4,,2024-10-15,2024-10-16
PENSI2024-10-15,,PENSI2024-10-15441fd1ded8868866aa1f06dd6d1c0e3f7d3d15adc346a3f020460b66f1b0289c,P4 - História 1ª Serie Tarde ,Pensi,Copacabana,,40,EM,Regular,Tarde,,Prova,1.0,Offset,A4,75g,1X1,,Grampo,Não,A4,,2024-10-15,2024-10-16
PENSI2024-10-15,,PENSI2024-10-15441fd1ded8868866aa1f06dd6d1c0e3f7d3d15adc346a3f020460b66f1b0289c,P4 - História 1ª Serie Tarde ,Pensi,Freguesia,,41,EM,Regular,Tarde,,Prova,1.0,Offset,A4,75g,1X1,,Grampo,Não,A4,,2024-10-15,2024-10-16
PENSI2024-10-15,,PENSI2024-10-15441fd1ded8868866aa1f06dd6d1c0e3f7d3d15adc346a3f020460b66f1b0289c,P4 - História 1ª Serie Tarde ,Pensi,Ilha do Governador,,37,EM,Regular,Tarde,,Prova,1.0,Offset,A4,75g,1X1,,Grampo,Não,A4,,2024-10-15,2024-10-16
PENSI2024-10-15,,PENSI2024-10-15441fd1ded8868866aa1f06dd6d1c0e3f7d3d15adc346a3f020460b66f1b0289c,P4 - História 1ª Serie Tarde ,Pensi,Madureira,,36,EM,Regular,Tarde,,Prova,1.0,Offset,A4,75g,1X1,,Grampo,Não,A4,,2024-10-15,2024-10-16
PENSI2024-10-15,,PENSI2024-10-15441fd1ded8868866aa1f06dd6d1c0e3f7d3d15adc346a3f020460b66f1b0289c,P4 - História 1ª Serie Tarde ,Pensi,Méier,,30,EM,Regular,Tarde,,Prova,1.0,Offset,A4,75g,1X1,,Grampo,Não,A4,,2024-10-15,2024-10-16
PENSI2024-10-15,,PENSI2024-10-15441fd1ded8868866aa1f06dd6d1c0e3f7d3d15adc346a3f020460b66f1b0289c,P4 - História 1ª Serie Tarde ,Pensi,Recreio 1,,64,EM,Regular,Tarde,,Prova,1.0,Offset,A4,75g,1X1,,Grampo,Não,A4,,2024-10-15,2024-10-16
PENSI2024-10-15,,PENSI2024-10-15441fd1ded8868866aa1f06dd6d1c0e3f7d3d15adc346a3f020460b66f1b0289c,P4 - História 1ª Serie Tarde ,Pensi,Tijuca 1,,38,EM,Regular,Tarde,,Prova,1.0,Offset,A4,75g,1X1,,Grampo,Não,A4,,2024-10-15,2024-10-16
PENSI2024-10-15,,PENSI2024-10-15441fd1ded8868866aa1f06dd6d1c0e3f7d3d15adc346a3f020460b66f1b0289c,P4 - História 1ª Serie Tarde ,Pensi,Vila da Penha,,35,EM,Regular,Tarde,,Prova,1.0,Offset,A4,75g,1X1,,Grampo,Não,A4,,2024-10-15,2024-10-16
PENSI2024-10-15,,PENSI2024-10-158b2ca4643a9ad110149eb859c7e827aaa0b186a3e48f3f1e6a824640f763c4b6,P4 - Ingles 1ª Serie Tarde ,Pensi,Copacabana,,40,EM,Regular,Tarde,,Prova,1.0,Offset,A4,75g,1X1,,Grampo,Não,A4,,2024-10-15,2024-10-16
PENSI2024-10-15,,PENSI2024-10-158b2ca4643a9ad110149eb859c7e827aaa0b186a3e48f3f1e6a824640f763c4b6,P4 - Ingles 1ª Serie Tarde ,Pensi,Freguesia,,41,EM,Regular,Tarde,,Prova,1.0,Offset,A4,75g,1X1,,Grampo,Não,A4,,2024-10-15,2024-10-16
PENSI2024-10-15,,PENSI2024-10-158b2ca4643a9ad110149eb859c7e827aaa0b186a3e48f3f1e6a824640f763c4b6,P4 - Ingles 1ª Serie Tarde ,Pensi,Ilha do Governador,,37,EM,Regular,Tarde,,Prova,1.0,Offset,A4,75g,1X1,,Grampo,Não,A4,,2024-10-15,2024-10-16
PENSI2024-10-15,,PENSI2024-10-158b2ca4643a9ad110149eb859c7e827aaa0b186a3e48f3f1e6a824640f763c4b6,P4 - Ingles 1ª Serie Tarde ,Pensi,Madureira,,36,EM,Regular,Tarde,,Prova,1.0,Offset,A4,75g,1X1,,Grampo,Não,A4,,2024-10-15,2024-10-16
PENSI2024-10-15,,PENSI2024-10-158b2ca4643a9ad110149eb859c7e827aaa0b186a3e48f3f1e6a824640f763c4b6,P4 - Ingles 1ª Serie Tarde ,Pensi,Méier,,30,EM,Regular,Tarde,,Prova,1.0,Offset,A4,75g,1X1,,Grampo,Não,A4,,2024-10-15,2024-10-16
PENSI2024-10-15,,PENSI2024-10-158b2ca4643a9ad110149eb859c7e827aaa0b186a3e48f3f1e6a824640f763c4b6,P4 - Ingles 1ª Serie Tarde ,Pensi,Recreio 1,,64,EM,Regular,Tarde,,Prova,1.0,Offset,A4,75g,1X1,,Grampo,Não,A4,,2024-10-15,2024-10-16
PENSI2024-10-15,,PENSI2024-10-158b2ca4643a9ad110149eb859c7e827aaa0b186a3e48f3f1e6a824640f763c4b6,P4 - Ingles 1ª Serie Tarde ,Pensi,Tijuca 1,,38,EM,Regular,Tarde,,Prova,1.0,Offset,A4,75g,1X1,,Grampo,Não,A4,,2024-10-15,2024-10-16
PENSI2024-10-15,,PENSI2024-10-158b2ca4643a9ad110149eb859c7e827aaa0b186a3e48f3f1e6a824640f763c4b6,P4 - Ingles 1ª Serie Tarde ,Pensi,Vila da Penha,,35,EM,Regular,Tarde,,Prova,1.0,Offset,A4,75g,1X1,,Grampo,Não,A4,,2024-10-15,2024-10-16
PENSI2024-10-15,,PENSI2024-10-1511ade96eb5ce14c1861528790d2ffa11eba1b8b4fc3308d4318ca88ca3eb3e86,P4 - Literatura 1ª Serie Tarde ,Pensi,Copacabana,,40,EM,Regular,Tarde,,Prova,1.0,Offset,A4,75g,1X1,,Grampo,Não,A4,,2024-10-15,2024-10-16
PENSI2024-10-15,,PENSI2024-10-1511ade96eb5ce14c1861528790d2ffa11eba1b8b4fc3308d4318ca88ca3eb3e86,P4 - Literatura 1ª Serie Tarde ,Pensi,Freguesia,,41,EM,Regular,Tarde,,Prova,1.0,Offset,A4,75g,1X1,,Grampo,Não,A4,,2024-10-15,2024-10-16
PENSI2024-10-15,,PENSI2024-10-1511ade96eb5ce14c1861528790d2ffa11eba1b8b4fc3308d4318ca88ca3eb3e86,P4 - Literatura 1ª Serie Tarde ,Pensi,Ilha do Governador,,37,EM,Regular,Tarde,,Prova,1.0,Offset,A4,75g,1X1,,Grampo,Não,A4,,2024-10-15,2024-10-16
PENSI2024-10-15,,PENSI2024-10-1511ade96eb5ce14c1861528790d2ffa11eba1b8b4fc3308d4318ca88ca3eb3e86,P4 - Literatura 1ª Serie Tarde ,Pensi,Madureira,,36,EM,Regular,Tarde,,Prova,1.0,Offset,A4,75g,1X1,,Grampo,Não,A4,,2024-10-15,2024-10-16
PENSI2024-10-15,,PENSI2024-10-1511ade96eb5ce14c1861528790d2ffa11eba1b8b4fc3308d4318ca88ca3eb3e86,P4 - Literatura 1ª Serie Tarde ,Pensi,Méier,,30,EM,Regular,Tarde,,Prova,1.0,Offset,A4,75g,1X1,,Grampo,Não,A4,,2024-10-15,2024-10-16
PENSI2024-10-15,,PENSI2024-10-1511ade96eb5ce14c1861528790d2ffa11eba1b8b4fc3308d4318ca88ca3eb3e86,P4 - Literatura 1ª Serie Tarde ,Pensi,Recreio 1,,64,EM,Regular,Tarde,,Prova,1.0,Offset,A4,75g,1X1,,Grampo,Não,A4,,2024-10-15,2024-10-16
PENSI2024-10-15,,PENSI2024-10-1511ade96eb5ce14c1861528790d2ffa11eba1b8b4fc3308d4318ca88ca3eb3e86,P4 - Literatura 1ª Serie Tarde ,Pensi,Tijuca 1,,38,EM,Regular,Tarde,,Prova,1.0,Offset,A4,75g,1X1,,Grampo,Não,A4,,2024-10-15,2024-10-16
PENSI2024-10-15,,PENSI2024-10-1511ade96eb5ce14c1861528790d2ffa11eba1b8b4fc3308d4318ca88ca3eb3e86,P4 - Literatura 1ª Serie Tarde ,Pensi,Vila da Penha,,35,EM,Regular,Tarde,,Prova,1.0,Offset,A4,75g,1X1,,Grampo,Não,A4,,2024-10-15,2024-10-16
PENSI2024-10-15,,PENSI2024-10-15fc351d74f7e3d007d4c1593e69525760138a94c6d983c048641d2c0ce3ecc83a,P4 - Língua Portuguesa 1ª Serie Tarde ,Pensi,Copacabana,,40,EM,Regular,Tarde,,Prova,1.0,Offset,A4,75g,1X1,,Grampo,Não,A4,,2024-10-15,2024-10-16
PENSI2024-10-15,,PENSI2024-10-15fc351d74f7e3d007d4c1593e69525760138a94c6d983c048641d2c0ce3ecc83a,P4 - Língua Portuguesa 1ª Serie Tarde ,Pensi,Freguesia,,41,EM,Regular,Tarde,,Prova,1.0,Offset,A4,75g,1X1,,Grampo,Não,A4,,2024-10-15,2024-10-16
PENSI2024-10-15,,PENSI2024-10-15fc351d74f7e3d007d4c1593e69525760138a94c6d983c048641d2c0ce3ecc83a,P4 - Língua Portuguesa 1ª Serie Tarde ,Pensi,Ilha do Governador,,37,EM,Regular,Tarde,,Prova,1.0,Offset,A4,75g,1X1,,Grampo,Não,A4,,2024-10-15,2024-10-16
PENSI2024-10-15,,PENSI2024-10-15fc351d74f7e3d007d4c1593e69525760138a94c6d983c048641d2c0ce3ecc83a,P4 - Língua Portuguesa 1ª Serie Tarde ,Pensi,Madureira,,36,EM,Regular,Tarde,,Prova,1.0,Offset,A4,75g,1X1,,Grampo,Não,A4,,2024-10-15,2024-10-16
PENSI2024-10-15,,PENSI2024-10-15fc351d74f7e3d007d4c1593e69525760138a94c6d983c048641d2c0ce3ecc83a,P4 - Língua Portuguesa 1ª Serie Tarde ,Pensi,Méier,,30,EM,Regular,Tarde,,Prova,1.0,Offset,A4,75g,1X1,,Grampo,Não,A4,,2024-10-15,2024-10-16
PENSI2024-10-15,,PENSI2024-10-15fc351d74f7e3d007d4c1593e69525760138a94c6d983c048641d2c0ce3ecc83a,P4 - Língua Portuguesa 1ª Serie Tarde ,Pensi,Recreio 1,,64,EM,Regular,Tarde,,Prova,1.0,Offset,A4,75g,1X1,,Grampo,Não,A4,,2024-10-15,2024-10-16
PENSI2024-10-15,,PENSI2024-10-15fc351d74f7e3d007d4c1593e69525760138a94c6d983c048641d2c0ce3ecc83a,P4 - Língua Portuguesa 1ª Serie Tarde ,Pensi,Tijuca 1,,38,EM,Regular,Tarde,,Prova,1.0,Offset,A4,75g,1X1,,Grampo,Não,A4,,2024-10-15,2024-10-16
PENSI2024-10-15,,PENSI2024-10-15fc351d74f7e3d007d4c1593e69525760138a94c6d983c048641d2c0ce3ecc83a,P4 - Língua Portuguesa 1ª Serie Tarde ,Pensi,Vila da Penha,,35,EM,Regular,Tarde,,Prova,1.0,Offset,A4,75g,1X1,,Grampo,Não,A4,,2024-10-15,2024-10-16
